{"6283173669511@s.whatsapp.net":{"id":"6283173669511@s.whatsapp.net","a":"6283173669511@s.whatsapp.net","b":"6285778309445@s.whatsapp.net","state":"CHATTING"},"6287747647579@s.whatsapp.net":{"id":"6287747647579@s.whatsapp.net","a":"6287747647579@s.whatsapp.net","b":"6282155540715@s.whatsapp.net","state":"CHATTING"},"62882008203409@s.whatsapp.net":{"id":"62882008203409@s.whatsapp.net","a":"62882008203409@s.whatsapp.net","b":"6287888432902@s.whatsapp.net","state":"CHATTING"},"50767990888@s.whatsapp.net":{"id":"50767990888@s.whatsapp.net","a":"50767990888@s.whatsapp.net","b":"6289512496818@s.whatsapp.net","state":"WAITING"},"6282361899519@s.whatsapp.net":{"id":"6282361899519@s.whatsapp.net","a":"6282361899519@s.whatsapp.net","b":"6282361899519@s.whatsapp.net","state":"WAITING"},"6281466741374@s.whatsapp.net":{"id":"6281466741374@s.whatsapp.net","a":"6281466741374@s.whatsapp.net","b":"6281466741374@s.whatsapp.net","state":"WAITING"},"6283150096741@s.whatsapp.net":{"id":"6283150096741@s.whatsapp.net","a":"6283150096741@s.whatsapp.net","b":"627747647579@s.whatsapp.net","state":"WAITING"},"6282172141210@s.whatsapp.net":{"id":"6282172141210@s.whatsapp.net","a":"6282172141210@s.whatsapp.net","b":"6281377762375@s.whatsapp.net","state":"WAITING"},"6281321908065@s.whatsapp.net":{"id":"6281321908065@s.whatsapp.net","a":"6281321908065@s.whatsapp.net","b":"6282116152495@s.whatsapp.net","state":"WAITING"},"6285788579796@s.whatsapp.net":{"id":"6285788579796@s.whatsapp.net","a":"6285788579796@s.whatsapp.net","b":"6285788579796@s.whatsapp.net","state":"WAITING"},"6287798481173@s.whatsapp.net":{"id":"6287798481173@s.whatsapp.net","a":"6287798481173@s.whatsapp.net","b":"6281283224209@s.whatsapp.net","state":"WAITING"},"6285790410706@s.whatsapp.net":{"id":"6285790410706@s.whatsapp.net","a":"6285790410706@s.whatsapp.net","b":"6281234915558@s.whatsapp.net","state":"WAITING"},"6289531417308@s.whatsapp.net":{"id":"6289531417308@s.whatsapp.net","a":"6289531417308@s.whatsapp.net","b":"6285791490954@s.whatsapp.net","state":"WAITING"},"6281353817856@s.whatsapp.net":{"id":"6281353817856@s.whatsapp.net","a":"6281353817856@s.whatsapp.net","b":"6281353358050@s.whatsapp.net","state":"WAITING"},"6282155221985@s.whatsapp.net":{"id":"6282155221985@s.whatsapp.net","a":"6282155221985@s.whatsapp.net","b":"6285754550721@s.whatsapp.net","state":"WAITING"}}