{"version":17,"hash":{"type":"Buffer","data":"ElBe9ELT3BPxruVFpFK50pCyBRWg4rSQajXOIprNA7LTy37whrek2aLK5+3vOZH2Fnwe6neb5Yr3FJtU3uzA3mS6ZtFvimRZiKd5MBbca2dKoghEAMQZ6T8acLyoESwtEaNnuU3EW7KkNXhOnPnn1waRXDDS3jnhwLHlGEFcoJE="},"indexValueMap":{"3U5y0oJRO3QKQT902BQFQ2d5dxUPGX79+888RVAtQV0=":{"valueMac":{"type":"Buffer","data":"UMdXXxz+0O10AxGDB8Jg/4N86HrFlIDM44/kYEEWtfY="}},"DFU2lz+BARUFgD2I04MYNUI+hPXlXtVdI7FfpSe5dQk=":{"valueMac":{"type":"Buffer","data":"30R4DJDk7GEIJahCaWDF2RMbnxEg/q11qAWCGuBQYCM="}},"gvEVFCDJjQ/T14AeAnwkzw0GrB/HjoSdzZ5XAUQdjDU=":{"valueMac":{"type":"Buffer","data":"EML+OwRqsUWHOp9NLX+qjzVMyAdHsOqHibFbOqu1XzQ="}},"qzDboSRYRrk9DO08UWe0T7yDF6xHmkBAvFtZFiU62vQ=":{"valueMac":{"type":"Buffer","data":"+sslKnKw/iKGoywqs98DX0xgMILaZqR+VsIJaehyP8w="}},"S7qazHdu+Yr1BcfHcP4dbOSaJNjzOeLsZatpjH3LLuk=":{"valueMac":{"type":"Buffer","data":"TZfn68NnzQgaIVJayaVJxM3mizFQc1sPpRaCiiBTpwI="}},"KNWfrUIDlR7uii2uTcZpZZoCj6WcSnQ+syLRJ4ueBM0=":{"valueMac":{"type":"Buffer","data":"+oZrvZdoxAaF85+otGDV5s0vCagApqiJ0jOoY6tChws="}},"eg4Lic92AxnAAAGmZ6tAT5OY2tRdsU8S0CHbTpCt3sg=":{"valueMac":{"type":"Buffer","data":"YhM9WGYR7uZ4iDvKaHd2gkvJyHljU3+bY5HgplVlhCU="}},"pN3xIVFbNAI5udZtbjsTi848NMwk52P+TqM3mBUZMh0=":{"valueMac":{"type":"Buffer","data":"vAatDspxgDodh2rUuA8ZA92q6S3sEkwzxLPTcuRRfSU="}},"qJMn+/qbC7Sj1R43Y2QBBYTMi70b64SR7npQtCqwGvc=":{"valueMac":{"type":"Buffer","data":"EqE1c4QESwuNNjdJHZKkFIEyoDik9TxIrBT0pz3oPZI="}},"vpqsoazRRGvzd8LxMcw9KUW4eUZ09BkeH6inqEh43hg=":{"valueMac":{"type":"Buffer","data":"6rnO+wP5Bx+qOGhKxjotukQTihE/OwMMT6gNu7przJM="}},"vxv3VcwfLzCf5Gdxkl7feUsVu9N9TDmMTHL8Jpq+EEo=":{"valueMac":{"type":"Buffer","data":"Dk/Ybaga4LmAVDRp6tAzl1qp4IB2DPLK7WMxPeegk3c="}},"G4xzE4elJIFv18cN4a5OQkCqctNCkrqBmY7DUBN8OW4=":{"valueMac":{"type":"Buffer","data":"ZXSWEVwK73sM9FP5AoZ35K5NNzCsqo1q2ECfnr19Ah4="}},"6lHdiIBJJTYNxj7bwPoQl5WywZykbEEZP2xlxjgka0U=":{"valueMac":{"type":"Buffer","data":"Tawb3B4Jya4F8CjGnfuD96qsDgCTISdZyNTO3cXtwVE="}},"lmdWs712kgWRQ3W9Lc2kKmYOmOCAIoQ6qO2pLzRe+Mc=":{"valueMac":{"type":"Buffer","data":"mV0NL+AiZUGQspuGVzM9OrCWz7fPqFPQ1XlImoAy2Ak="}},"va6N/G8v4ZTXCDb3DbTYilEhXFQvgw4EVhGQ8gwoD18=":{"valueMac":{"type":"Buffer","data":"ZM49n0vsaczZkYTLA3Uj/LjEHx77cm9eW///5byz0Ms="}},"inyiFhInpe4ImAGGR1KqEJTuEp20Y2SMQbFJKGjRvzk=":{"valueMac":{"type":"Buffer","data":"5aF/71boreNNbftnujCjvvBodIjyrfwI8a/Zz7qH1lc="}},"waJ6YnOkm/yGZRYazckrUIFUdicYqc7d514FBQXIh2M=":{"valueMac":{"type":"Buffer","data":"ItbAJGVrbkZJhPf+yB1ZnqnafHXvTigQvHj80/U7iJc="}},"k2eqzsxApP//tYuwyx6/JYW/HMQT3J/odhYavLw+F5s=":{"valueMac":{"type":"Buffer","data":"ExPrZUg0QXuN21XKlFEr+tzWtbd+DhPOrs+wGDU/+vY="}},"j55smtXDT5QVUvwgAsheV3ieGkHMwEtygseZmCS4Z1s=":{"valueMac":{"type":"Buffer","data":"oF9gGCGK2Vjsz9fJ+eNrhPcLV44TmmDCA6n3VMdlHDc="}},"m5FYbUGzwD02Yi1kAvb/O4oJW3AE2S4KqIfhcM6bLj0=":{"valueMac":{"type":"Buffer","data":"1YoZlUDXmXYWbEBxMiTF9TIuexfmbfE4qf761aCjgFA="}},"hVHP3CVQNZ4PhmhvEkCdz14VSSo4gmSHJmIQmhU4CMo=":{"valueMac":{"type":"Buffer","data":"0MzX2trZc+Te8EeVm4kC0RUIE6wEPY8gEsXnEQyj3i0="}},"9fBZpYqLNB9ZykLYFouzlMcg0Zx1bv57XiuT6e/p7ho=":{"valueMac":{"type":"Buffer","data":"/KbvYT0AHSQMAHCiQid//nquCxrYXVblJYsYPGfJVDs="}},"MAGMzUvsUQjy9fTpah1lmw3Eoci15Jrgb9oLpAzedAg=":{"valueMac":{"type":"Buffer","data":"uBHQKAbe5R++Q3a2EwSpYcW6tanWnIF65It12A3CleQ="}},"d2MYTkmbQwQD0Kbbh+aVllAfmTZHd0j8seMdqzLkL9Y=":{"valueMac":{"type":"Buffer","data":"ocKTSrKhUKqy63QeVkFaIH3Iz9DTtaEQNo5IZM1Krmg="}},"ZM82iy+xJiPO4jQXs0HWBBtzedU9x6pgK8GHsGGKcOQ=":{"valueMac":{"type":"Buffer","data":"OQn38mffdlFXD38xav7y0FNXeZQKj9yMTsBcum/yWlw="}},"jMbA0AANFgmDZ5WcBEGNtYH8mT01CF9Rhy5qXfVc56A=":{"valueMac":{"type":"Buffer","data":"3IVo54pvQ9oiRGVMy/eHVtWtBna8QzZEN39DaFxAsPk="}},"otdqVoFN/Phw7ghSm3d+34Ww+6oW44O2yggiFHb3Qbs=":{"valueMac":{"type":"Buffer","data":"Gx9n6f4SgZXtaRNCiE4SLO/NYz/s+SAwfQtbJVAaLaY="}},"QMJ/1Aj2Ycj6kFIE8ZSbvAeu8PRiqA9da4UbKuHaM8M=":{"valueMac":{"type":"Buffer","data":"/bZCQX2hVFD293wqNENGhtFbWlSCO1LdsrJESvhJYWQ="}},"JlDXflyiZJ7bwF95ntCghhAOA+YPxvSaVym6kXVSmjc=":{"valueMac":{"type":"Buffer","data":"VVaE+KIsIV/eKW8EJgEGWsuE/ns1T91W4R1Fe5HEb2k="}},"NhjcWzIfYtVHehoEq0eoCxVsAT4dwDQ6sx9RXNUm91I=":{"valueMac":{"type":"Buffer","data":"7arK363d5ngjDM1xlKyT3/YoiTg1x91Iu/dP3HMwaFE="}},"GuljQNcKfVybcNC56xPKb+KFj3WeET0qr8etdV6WwtY=":{"valueMac":{"type":"Buffer","data":"2TJJdeyjOqKgT4ig3E43Rek9bKAJ8Vze5lB4mpcMErc="}},"9lpORwFX+qM2NMbTerhBs1xf7Uhtb6QFUsydXzWLS68=":{"valueMac":{"type":"Buffer","data":"R0c6vL9A9yUa0uzSRhF89YDcRA0+OsXhWZvLvPFJgwc="}},"oDhfd7AhIUadE/M6ugPajOcPOq9IPPjFTgKuJ9WSME4=":{"valueMac":{"type":"Buffer","data":"OKBQy8XaZMXyoGhtt++MPCfoL6lXZ+ij77IuPF12Xps="}},"mdL9B2DAH/l9viADBslr2hAi0opjXEToAzETQfDqdJo=":{"valueMac":{"type":"Buffer","data":"gr3YlH85ghJrqXg281x5w2xoxu4BIjythwKnrcIs7WU="}},"XonX+kyVYGYVyJlFRuCdy2JQ9zFvL5mRiHeyuBBt53I=":{"valueMac":{"type":"Buffer","data":"wppVxXs14J6Ck6SBF3BycDIyGshkgl7OoInjAXY0rBg="}},"80EtXuNJFIhMJRODzpb6ZC+vs/RzmwNKj35aPsmgjCk=":{"valueMac":{"type":"Buffer","data":"cMfvtnzPCroGc8a7ljvJ6igkrTEOyBYm+BUU5kAsGM0="}},"s8t98QEaw1GMpPD/aGejQF4Qvn+xuLfCCtcfIOtokhQ=":{"valueMac":{"type":"Buffer","data":"DNEEH+Ln2vvA7sXUcO/BwgNKOmk4ApEGLJ/mztDEx3E="}},"9/UeqhpFS10Di0RYx/yn/Gd9B0eA29wzzdi19QuR8eo=":{"valueMac":{"type":"Buffer","data":"iaqDRinDhxUHhB9SXXq/3hmW2Gy2EIyJdX7juON46sU="}},"5F0wWGfQ7g9xOaJ246RmW5uCXJD3E+0Nrsoh9IzA8fI=":{"valueMac":{"type":"Buffer","data":"v4lnDZkTNLLn3x7cY20ZcOJ+boqYlbN535a187gH+Mk="}},"sR1dtQeWTn6fW0d6mpdGOJH0OT5sqmz4RbZV82O1qD0=":{"valueMac":{"type":"Buffer","data":"/H214sMu8nBjTukqgn2yuxnAb67dD4+VteMiobkCqSk="}},"JgQAlMDFjLE2cyXefLnSQ787BpLwTxaFuFcntnagwSM=":{"valueMac":{"type":"Buffer","data":"CDlpJHqQgoHHXU8MMAInZcwBIIC3k2xeLvmL1LZfZUc="}},"S8h/JZXr/Hd8cWtj0P9gmrMOFJfwhWHELEtJIGHsX/Y=":{"valueMac":{"type":"Buffer","data":"cJPWOPPJ3+3/AhHV4t8sXR48VMC4PtJsH/qBddX7GHw="}},"GfUG9cNdRnGVzJD9kAcZa/wntZXD/MY+/0IvPWiz1Bc=":{"valueMac":{"type":"Buffer","data":"uEv9BxHgrte6fEfygljkzP1G1HBSB/XqQp8iHhlkrhM="}},"U3q+77oDZhWqUczmkD4Ihwo46NQ3BhHdDfVzL0Afr20=":{"valueMac":{"type":"Buffer","data":"cObAFuER7I7mHBUE4juXR3UX1ONS7upV5/Um/jT2IyE="}},"xFuPLUC1ofhXQ4undmENo+Gwo+thObDGMCZS3UVHgT8=":{"valueMac":{"type":"Buffer","data":"p3XmFnzIZzw5JihXlmkc1aK5oJnCLboF7VCOHfuqmpk="}},"94GUtIbfokkmawH+bkyI8clryypldcrT4nG5HgDOjzM=":{"valueMac":{"type":"Buffer","data":"qymB67bl0ADFWAzFyXBnOE9tH3ryZmBMB/5wAChiIcQ="}},"OdMg3Tdn7Tkk4UxWCFdp+RKBl/RlPJ70URhwZ8FV/Jw=":{"valueMac":{"type":"Buffer","data":"Pu0nedIgYzhjzgxJtBGrMUin13esuiXVR/DnetxTnsY="}},"mzxmd7Sq9s4YklTmrZEKJrSWLpk5zAiZIRdFj2kc5Kg=":{"valueMac":{"type":"Buffer","data":"65wUVT1STB83+e1lFtj0mH57Uyc4qwKtUUwa5MvmEFo="}},"N1x+8eySXiPL/edlTiDrwtLizZ2p9aEOjl2+lW0vNcQ=":{"valueMac":{"type":"Buffer","data":"nvyMepsmZ4T0zD+/q7zEHeP+YRn87TRruXb2kLzmbL0="}},"YJ+R4zyJ71pp2XaLjWAr+35n2NuA6O7A1WWAEF3moWQ=":{"valueMac":{"type":"Buffer","data":"cOy31yKXvCtshpzALNtf+lTjPyoY/Nz1wda2NxrBXLM="}},"9OZQIiOknTt8ZEDnbjEM2UZrAljrYKncfzgPJbu+VNY=":{"valueMac":{"type":"Buffer","data":"IhFWwlIx+OjiOXgLTnqkzOv36IlHV3W59EGplg9TRmA="}},"S1gCt7KWeHjwly3rQD4lnSkJHp6V7gR+RbtlHlukls4=":{"valueMac":{"type":"Buffer","data":"WJzBJ/DZ6E2Sob5yp8JdcL6J/anBEVC3ED8AgQV9XK4="}},"xUbI+x87HdV8XPHkIwbTHqvqjbmXhr1IjpCuNvsq5vg=":{"valueMac":{"type":"Buffer","data":"hnG6ciQJmwZy0Zq5MTyRkbT1TssBLBdRfBMiLfd/FVM="}},"KG1uqrFn52b7vAmLfwgoDb6fUyoOrLXHIsYALpBRHIY=":{"valueMac":{"type":"Buffer","data":"sgJc0Y5ctVesJSBtVkWOrOGZKG5dOQQp5d0dmA43nP4="}},"D3viWvi9vURFSXURsR7kSR6SA+NXROTqQz/NS+2qXRo=":{"valueMac":{"type":"Buffer","data":"MjV/eiiv4O0Mex+fmPJHq/BU1a/Zu/qpOWyhwkDxqjA="}},"d4H+8aCUTMuD4sLlIaDuW6iDHQT3X+bVi6OB9mW8+kE=":{"valueMac":{"type":"Buffer","data":"9Ux9JPVoEejMswgLKZ5PPEi4p4LaDIJDKdIGh10Wk20="}},"KPZPxCjHppkTn7C5HLi1tsQg7wgqFf9XjDlwmdbbJDs=":{"valueMac":{"type":"Buffer","data":"D+N3Mw6LbXbBR/w5RbEYA4mlwL/fHTxJo+F5nxzHJc4="}},"dG2dSi5H/615rUkeJagI0dVL01rB+69Ll0IxCd7GRkE=":{"valueMac":{"type":"Buffer","data":"s7XBuIp4QfhOg6V6P2YLbb37gX6pL8r+REx2FaNgzdw="}},"HGuiWyU+CJlpr3SyYHiXH7vAueP1tFmEVIeOwujNAJI=":{"valueMac":{"type":"Buffer","data":"V0QwVtYvVrVaszMI/J/8LqyUX2r6JW1aUzX0KK9A55w="}},"cr8twvf8rH2qygK/civlsA66bczeeLSyU8d5TWz88vo=":{"valueMac":{"type":"Buffer","data":"bsBL+rwBvhxluIxpsw9l16BzNEUumg7f6gmSY+M5o38="}},"AvxG132u1Towcxpnu8PeUYOO9w9PV81iA5KsE+1fmDk=":{"valueMac":{"type":"Buffer","data":"kSQwZKGu5L4imYV0LUl3hyv23C9P7TtAq9HzjP7gflI="}},"GFeZJ+NV3A2InF5OH2SNJVZ6gRa6wYE5OQfP8hgztq0=":{"valueMac":{"type":"Buffer","data":"bWuaHn2pEX6x8ik5vjUAl1AzHYZT3dj372KMXY0wgmw="}},"fw57MrEOIwdJwAijXtEgOdeG2XxUhYB/8D2lwtQIbV0=":{"valueMac":{"type":"Buffer","data":"Z0zEoQ3qLDHpxWrBivJyFyvL83rCrmqf0tYpRHOse/g="}},"7qnvLoqxeZUQFAc8hZlUVKPCXUjNN7p+81OZeuF3fzA=":{"valueMac":{"type":"Buffer","data":"DIj/eMuKTYYD+ePQeBjfG3wy1Hj1Ga78vNhTarFDnXQ="}},"BLxpXXsh4E4g1yrysX/zIdAmOqurGUoLs1UvDgReBAQ=":{"valueMac":{"type":"Buffer","data":"r4j3tpnVJ/wWT1lM8G0+4tycsukgyCAYC+aqc2fJf0U="}},"9+Ba2G/3iIt1KK66Ve+uts1CIYxfRVCD1P2OyzSHXdo=":{"valueMac":{"type":"Buffer","data":"Sy4tb6f3EhSjg8ODlpe9Cgbz3q7pGgo1DDsul2XvtpU="}},"z1QwsTBJWAKCzGDBuwlJjBKd4nG5lfb+Ji/U9h59j1U=":{"valueMac":{"type":"Buffer","data":"oSov31mgvGO913FJJui8LVr9QMD9j4pHJa9CCC8e+b8="}},"yJ5AJC3g9o9nwQIdL2zttQzm7dt0d2o6sQoUeeWyrgg=":{"valueMac":{"type":"Buffer","data":"GMoTh04zHzKHthsgsVCnHtYsiUrjl+7Pw/l46nBcxlA="}},"tRffh3i0RNHsm0cETrwcw0SdeqnpVvQVvkXPQ1FcC5c=":{"valueMac":{"type":"Buffer","data":"HWm1g3cMpVZHPIrI5lM8N9nXXSpE95Sy4gMT8T38pQs="}}}}