{"version":17,"hash":{"type":"Buffer","data":"KzFFG6bhHs6L8QB6JHuAbIlg0JkZp0M6zh5JcQu4N6xRhe0uZZPdY7qP9YUCIjmJyg9Z+oZCyJqCDStx7HCml3w/aP0XwKbwJk0oIeVDdqRkLUopmxwkljuk0TkJpUa9WR4uNoa5KXu1MnWmopy3lG7tf7PaCtNUXULGEvT2OcY="},"indexValueMap":{"a2wqMVj3YKfcCilFT4c0B+v+xyV3QiS8VFbK5Qh/V3g=":{"valueMac":{"type":"Buffer","data":"zvL6F0OK4Mkpiths/8eoVkxUHS9Ag1LyvKlNLD8JHn0="}},"7PEJ4LY8XT9AUeRjfDcgl//442jFGOY7qkVJTMUFVuE=":{"valueMac":{"type":"Buffer","data":"9YvV+RWTQXEaStTwv0BhzN+nH//yVkXrHoPdWHhQ/OY="}},"IOtP+l3lU8FkpfOGtEFPqZsPWEiBsIyq07viNNOvvdM=":{"valueMac":{"type":"Buffer","data":"Hoc2KEBvnbFa6IAuKzyNC2p2mN0M0Jq7UdGs3rJR/LI="}},"Cuo7klXeMM5a8aFMILuJr4cYF8/w2JPCZwQ1pNtzzWw=":{"valueMac":{"type":"Buffer","data":"xHz46ynTZAYYgXhH4kaFvZYhIPXfIWAZChMOxFN7G0M="}},"JHu3YwKxREX+a7uJfbR3UgKXaGLPamwrQQIn97KEMx0=":{"valueMac":{"type":"Buffer","data":"q4/QKt4F20PTyHesySbxpAwC2k4XeFLUUIxPjOQ7tFU="}},"ssBrtu5ab+epraQhACRb/3je4q3jhz0yNAaeRo7JgNY=":{"valueMac":{"type":"Buffer","data":"WmDwD1mwGvXu5xBLLmti87E1f+PbxZewQw6PZqcMFco="}},"pqrrDcNXtLtkBTvtYfzo80DkXwGRHAYIAUXsTaYsOIM=":{"valueMac":{"type":"Buffer","data":"2p8dU2D0F3Br+Q5ACYYd5fPACCFAHipz9zxJeilNef0="}},"FFy1VriIvaDeGqh1ZICEQMK0/GGp1HqoMFTQpwWey6Y=":{"valueMac":{"type":"Buffer","data":"Eh3Y51BbM34PtlTV0LxGbigc8M0sdF65VAJcRVoHijQ="}},"AfClQ0/sT69cdgJrkWxWyF+Aml69K8Gz1TKAAsW7cIU=":{"valueMac":{"type":"Buffer","data":"E5Um1QyHx9I18g48UAI2IaLYyUOJ1WvKLEzpur/r2lE="}},"2tZ6j8nhzlHTIUwHBmkzyfs9o36iiOdhB27yKLNsbO8=":{"valueMac":{"type":"Buffer","data":"NPvvDrJnCxKm8UMPaQ9Nyj+wrx1vch9pWaifAEFmTTw="}},"vXFheES1FJaKpQzfKMEQBlpF90aR3QYL8I5AzkqRE6k=":{"valueMac":{"type":"Buffer","data":"N0MRQB0e5tWJRTIn9OwPx6wXagpJr6rBt/IiaAABQXg="}},"6P2u/iW6Za9eE2bjB9B3yRWnfkPjruNgQ2ptkbHW0pA=":{"valueMac":{"type":"Buffer","data":"HjAIKkKl3o6CdpPJUYA2k7oSUTuRBvJgKcqIQx6k+Mg="}},"CvVcS0h/lVWdks9bsRug649DwyI5idFGwEsQNS1s2jM=":{"valueMac":{"type":"Buffer","data":"yStwJ/qq1r/c4m3NchijPsMgNnVThCKOh6ja9gU5peI="}},"1K9K7MW/Om9KGVUx4vYsShohUldNbICcuhrhKDspzzo=":{"valueMac":{"type":"Buffer","data":"K5iUBGkXs3EZgFdq3Bd9aOCzbm+KPWTIBc+MEyBGzTI="}},"7PE096nJrYAybsBYzpHI9VwD5HB2GIp2y1DCCZqgAMo=":{"valueMac":{"type":"Buffer","data":"OOStOB3gUFryF+elGAacMdpvZ2l7S8C67Nki/RWLxME="}},"AGt6bV6bSe8eAU2nc3zkqFBgTCqxLWR0NI4Qz+mN9uQ=":{"valueMac":{"type":"Buffer","data":"SwKZ+JJdY1q/+VtHb7+rkxqwwrs7MELsivm+41AVMGc="}},"s3QcG1pPVD93rLmddOI9iFErx8+lIzXTaCaRIhel9xY=":{"valueMac":{"type":"Buffer","data":"yYhk211RHND2jZSz7cOvgCb50GTtU4vqx4p8wf++pZI="}},"f9U8x/UIjd69xMfW312QFaBDQkdAXH/J9ULXWpzGuPA=":{"valueMac":{"type":"Buffer","data":"YeextTaxA70S2pj9Ior99xmPys7aF23oJW04+rN1X8c="}},"FZp5dF7JQMIvSA9ok5c4CndXOROh/9oNJ3LoE5aMoG8=":{"valueMac":{"type":"Buffer","data":"uKKUtlx8cY/IGtvwKjIORae7FiQbj1/oilrxqYqXyuc="}},"EyJq0ieSjR9NA8JrCAyoC0mMus/D8eJD3fAWv8TKTmM=":{"valueMac":{"type":"Buffer","data":"dHdV0uE6MxadtFluIKk0bY9pmCN3r4zA75afBpx8Yg4="}},"X/MIoWwakgVId/r7PAmjQwJPqj5zTvwfP0G5iM1cBNk=":{"valueMac":{"type":"Buffer","data":"BSF3QZ5z2thMqDYEWGa7wqPlYQqDYSKIX/He3mm2P1Q="}},"SeQ0tX3wVs8Kj28ACuew39MQ4HZ5TLT45mvKeKVe0qE=":{"valueMac":{"type":"Buffer","data":"sf5YgJLKTArPEeTTTMjPBPwTHYJeQQuhuM6B13rwMPs="}},"JAyRequ6gwPgV+Cxb+akv7TE5tolfTcxhGl+lN9OmEk=":{"valueMac":{"type":"Buffer","data":"LEPWMeLvNZ+GnYPidgjqa0ru1Q7/0IN+2YYLAnp9ti8="}},"/wyF2ETQ+S/sQPrvyUOzhmPPqnBjufnFEjcL60Nv//M=":{"valueMac":{"type":"Buffer","data":"gFhwjjlWWRp/5pFv1PHEbW/JicFH8cOJ/BOjvtk1Eoo="}},"laMzcOTqOWsRcpVdrxqxjdmRkt6xna5YWMsG6TgBIl0=":{"valueMac":{"type":"Buffer","data":"N/UEW38x7lP5jmwO28ig4pQs2QpKGpj5i1gHzna8Uf4="}},"uxDrIlOTyeECnFDduvNo3I8Nh4ZbF2tFpb0r1g0hePU=":{"valueMac":{"type":"Buffer","data":"bg+S80h3gyU++DtAVmsOfwkmD6D6f3xPtrzhU6Ct2BI="}},"alcwHnXTlm43CN+iCV94H7EvQNNQkkPYgoM28MID7pk=":{"valueMac":{"type":"Buffer","data":"XJx+rIgDuer1XSD3ZADVkyWh75vL0ndYq0tof7GnuHo="}},"IyZqhhXlu7ubpvyVsOq4r3TDpT6vOJXyX4mRuZf+6tQ=":{"valueMac":{"type":"Buffer","data":"BYLe2hl5uxa4hQTrmHiUjuh1qZPGKm1a3mr9CaS50Pg="}},"szlOONhAx13190UPSLgEJ2UScWAPFOdoafVb6uEyPwo=":{"valueMac":{"type":"Buffer","data":"/dYYYPWWrOrx4BBuALdR/qVrYkQ358MEfj+vh9FmVmc="}},"MMh9zKahMF33D3g0QJ6DMA0B+21GUPxLWnMbT0Dr0Dg=":{"valueMac":{"type":"Buffer","data":"nLlavPHcZ6g85cCdxukecsXRAu3D0niScqMDJUuGnGk="}},"lTCY6dLkDWRkpU3wLrCFu9GjWfaN4MOxTeAxiWX/rds=":{"valueMac":{"type":"Buffer","data":"J1KDjZXxksrzXMdrMzdinEtexMcfn2dR3idMEDTDz8Q="}},"NqPBAnJRREGJq6OKTr7DbUeDME9UonQafGyH3cgjSN0=":{"valueMac":{"type":"Buffer","data":"LNaHhUhYtzNxe0Ybpcwr5egdFAdDxzA6ezH5rhgkv1k="}},"W9qLGGosaXD75XrWNqx+QBAbIYhj14qFKvCb+xjV3AA=":{"valueMac":{"type":"Buffer","data":"F90cen25yPalAiEQWEuc7bGai+yGQmoH+Lbbtx1sURI="}},"xXQ3XEv8vZTA1vuPwjhciZlkFMnzAeWNDJMBpCHiSUo=":{"valueMac":{"type":"Buffer","data":"mFxh17RDVp2DYIvtLeRap/HB6UlWUk2MVBaxXn1Hufk="}},"0QOc2hYneW1IRscS680rFXf1QgxO65SSwfVPwgqCA9I=":{"valueMac":{"type":"Buffer","data":"LKX44kk+cxOqeis2X3ZORc70CEFSIPTmwm8S4qrgQqk="}},"JLl0nTP3ogfkgl5a9Sxn8AwWM/q6JPZ+uBqToB7bYwg=":{"valueMac":{"type":"Buffer","data":"+5DSQHqIPrgulfCRzeGQNJyrO/UF+AH+OQNdO7kwcw0="}},"PddauAME0BWFWaw11sl52kedfR+LslosXc2QRyTDtzk=":{"valueMac":{"type":"Buffer","data":"Mc2wTPRpLbKbhT83TM58FNS3kIOvherZnKThc18UrJs="}},"DC7jtDeK3eGrq7KlPelT3AGbnJAtKDf9G6LKF4Psc5I=":{"valueMac":{"type":"Buffer","data":"3xonaYxNJMnRCszCuHlzMBQmJEJm2tm2rhopM8QPQXg="}},"fpN1JMb4yCxywrUht01WGNKlJD7TJcvbA0WuuC2AsdE=":{"valueMac":{"type":"Buffer","data":"BExXYA2yaMZh/MOVREdK5j/1bejh2aGxHyaSh7neGBE="}},"fpoAWxigERIRNDiEphqy4JTJxqGvLLTcaU22HNGxaOE=":{"valueMac":{"type":"Buffer","data":"qggenByEriqCd8NXkXdG2zNVrEheMyUp2m6YZdYHufI="}},"0A1iXzHrwxn8ZUZl8V2t4mQ9ftLJ2cgtUUTN1ojlfNs=":{"valueMac":{"type":"Buffer","data":"tLwimxtMNK0wOAviQ4BVu464ZqzLdF/m8g50/iDYxFs="}},"FcG6J4FosiBs4yFL+6o9zfVIHcG60OF1Mz6Z8Kj0NiE=":{"valueMac":{"type":"Buffer","data":"qlvDW1pLcYnnehiOmh3WM3bqv2frdBew3+43ohHDchI="}},"vWNInAHEnaxG83YI/eKDBj7obOSCYb8V30qK6Ffh3Kg=":{"valueMac":{"type":"Buffer","data":"yAf0hz8hHQTk5zbdnJN/55b1nZq9ZOqCmAwHezkhYT0="}},"M1rP0XzOue6Fk5RwHSWlMPnvbIvnBO890CR/jcS+6Wo=":{"valueMac":{"type":"Buffer","data":"tpbLvAeNcyX4fOS5OyfQdkZPart1IK3XF8d5/WXhh7U="}},"lkDUo1DwuSgPw1Y42iP2Uqi0UB66++SqWTHX8kJ5OT8=":{"valueMac":{"type":"Buffer","data":"f9ZGjQhUYHrGp+pO0sH8zcKPrlh/sLmMGndpsMrMzmA="}},"6akceo72LJHkJ+eKHhmevuKfPYD87In5ZaWlLIDk1tk=":{"valueMac":{"type":"Buffer","data":"ttUtvONMONFXkMtbziZWQyY0fdPNY1bOmkb/d//1Xh8="}},"soiYO0RS4lFT+XP0ZMaN9XCpq2qvXn9/+bl+jjkuUu0=":{"valueMac":{"type":"Buffer","data":"VISdAmwD1Au64km+EQs0ELFqyNy5rvxzbURUOB5hQVM="}}}}