{"version":15,"hash":{"type":"Buffer","data":"dtH9vtTAaGgmn7CXsCWbm8HdHSdi3cw+Fxcf2mbI+NRRQA4X4Qoj4oGEtYI6Fz6DZ0ZcTpKUbYyBnu34nK9y+S8FmTCGlTvAMTO+qeTx38g2hboitFNZBnBFIpFI16fY6aI9Yvva/dWq2JMFjmnMqA2c2egHDWIFh1yhR9T96Gg="},"indexValueMap":{"9wgBpPLBoYN7n972uH3IekJHizOlPbA64v4R46rVx+Q=":{"valueMac":{"type":"Buffer","data":"hYvfr+tfXVZ1bGzelWwJFw0M9xHJAnUIbrh3a3LUa+s="}},"30RE6a+S4zYIRRwK7nNfYZoQw2mmq/WGM1Od9rjaUdA=":{"valueMac":{"type":"Buffer","data":"pGfvOXTYamcTgZgusT4jnGUjuGmyrEy8DCdKe8/GfWE="}},"FmUGIKxlHlihdfxxcdJ6ZZ0cSoBE9AvmBm3qguhRJVg=":{"valueMac":{"type":"Buffer","data":"5MU01rpA/V/zUd32XWrqtwMUL/Zc2mMtiNOc3iVcZHU="}},"sELjnoauc2u5fla+MXvu9sToAJZJ82VERhU2hCPf6OY=":{"valueMac":{"type":"Buffer","data":"SKNcJvQ34WtDcD2aSnZspPrUdGSVI3PG1MKEO7NG4dE="}},"ioNsppguY9uEU64vvaSsIwuszfpIrsKIFTw93/INltA=":{"valueMac":{"type":"Buffer","data":"j49SGOQ5xq641AMto69xIG6Fe15ltcjtZpLNpaSMlDY="}},"+5eK3tmgO/vjEj81ZBG/7IeNg7nGGI7AiwZSwNnKOVA=":{"valueMac":{"type":"Buffer","data":"MvQ7jvH1LfThcEzZzaDTjIc0ZO8VnnXlVhmKxjNhBeA="}},"ozpFZQo93YFndUAVzY1Yrf9TXpXRVt2fPrfQRgmsajg=":{"valueMac":{"type":"Buffer","data":"t/a1Dct4/m1uPgJ03JRDp1r0IOovomyuBAMLzQNp0/I="}},"V+vR5gvz7b3ZSDo9xbu61fOIUgSq+2joA6PWHr4feyE=":{"valueMac":{"type":"Buffer","data":"Zi+BM5p3XQrekHxEf27gYN+bzHCRTbaMKpk+3JRJy98="}},"2K3tRUwwt4cZZgb3hLtv/A6oDnyXwwDs3J6HYfLP4qw=":{"valueMac":{"type":"Buffer","data":"mALUNdfx0oNfM+1MWogzh7NkPMlVuALwWJvMbJ3xYeU="}},"RNAuYgtkMd8MN1J+Sgp3AlrJXGADV6TI9TlKeHB/6L0=":{"valueMac":{"type":"Buffer","data":"dX76DL8RDULb3wYBYuGiqUREawOnSZggyJYEq+HVA6g="}},"SCO35eHxZWPUyCgw9MS9KjGifQWSwYkYaIXHdqlHlpo=":{"valueMac":{"type":"Buffer","data":"ynQrhOLYwV/g+MQHFbmx1POiKm5sMJoBMDN6kQB4A58="}},"wiy5YOOdUSLel/PoJCEO6Zf1MYGf4kBMFAVMEUMORZ0=":{"valueMac":{"type":"Buffer","data":"3eaOi0JME4MUMhHShIuzl3n2wN4LiKKS1O+kGCMS1QI="}}}}