{"noiseKey":{"private":{"type":"Buffer","data":"wDCa8NZybrr2Ls74Wh9pssjGRtHLM0jySZKRBUCp5XY="},"public":{"type":"Buffer","data":"KK/C+Phtd0XC6ZEP4ZzYjGFYCSEX5gu7ySup0Cat6no="}},"signedIdentityKey":{"private":{"type":"Buffer","data":"ePfWTCKVxnSsWwP1xVzwo/vZhL3HNyKf/i/Qlk9yBmg="},"public":{"type":"Buffer","data":"gSuq/yQ0XmyBm/orxCFhrtLCdBMisqvU4PvpBNXHKkU="}},"signedPreKey":{"keyPair":{"private":{"type":"Buffer","data":"UKEtvOEO7NfxmD2kCHRamuRQPce/YSACPf8Drh/uO1k="},"public":{"type":"Buffer","data":"54TdwlcqdA6ex2nbOcO1cYcGvdbqUpR0K6ByNEXmzU0="}},"signature":{"type":"Buffer","data":"tDoucpMgfpg9C13NK5hFSbgoQLRjqQOk8IYMxw5D+ooZZzGc8C8fNlZyLXk1LDyqKw9aanRqyk+iMtU913AbCg=="},"keyId":1},"registrationId":137,"advSecretKey":"FfCiufhcEIUPpqAiO4UR2JB7FJ4Cv1IM+VSgWGfU/L8=","processedHistoryMessages":[{"key":{"remoteJid":"6281234915558@s.whatsapp.net","fromMe":true,"id":"4565F03FF556A124C749C8A67D0E7339"},"messageTimestamp":1692833630},{"key":{"remoteJid":"6281234915558@s.whatsapp.net","fromMe":true,"id":"BB8E9C281AFBA480C1C67A65ABDFF166"},"messageTimestamp":1692833630},{"key":{"remoteJid":"6281234915558@s.whatsapp.net","fromMe":true,"id":"89F648A3FF5C0026EB92962947F7E95E"},"messageTimestamp":1692833635},{"key":{"remoteJid":"6281234915558@s.whatsapp.net","fromMe":true,"id":"AC7A1210D9E78E63AF45DB4B7250E9B8"},"messageTimestamp":1692833635}],"nextPreKeyId":529,"firstUnuploadedPreKeyId":529,"accountSyncCounter":1,"accountSettings":{"unarchiveChats":false},"account":{"details":"CN61pLsHENmumqcGGAE=","accountSignatureKey":"Kx26BB/RhbKMFDqeZT6UFXNzahYYw6dnu2V9m0PQd2Q=","accountSignature":"HH0SdoNKFtLxsAmp9gEOr0NlbIYRi/e1z1EeLWb6yYnwm5H0ve55c9MKH7aXvbugt4sYARMR1P/lz/ZJoDC7Bg==","deviceSignature":"46J1Mbzbmbszhip/JWCis2uWUc59cfTe23EgPO278mXIJtM0POXtMULzqJGMIDJNS8uEhCcgZ6wUXtf/kjhjDA=="},"me":{"id":"6281234915558:2@s.whatsapp.net","name":"Memey"},"signalIdentities":[{"identifier":{"name":"6281234915558:2@s.whatsapp.net","deviceId":0},"identifierKey":{"type":"Buffer","data":"BSsdugQf0YWyjBQ6nmU+lBVzc2oWGMOnZ7tlfZtD0Hdk"}}],"platform":"smba","lastAccountSyncTimestamp":1693365273,"myAppStateKeyId":"AAAAAJ6G"}