[{"senderKeyId":249917550,"senderChainKey":{"iteration":1,"seed":"tSM2nmxXXyiFFaWHu/7JZyjUmYPA00MmAiV27d5NAgw="},"senderSigningKey":{"public":"BcObQEuGgrX9OjTi2FKd+G9AcJ+yJlbo/oXllQNlz0tW"},"senderMessageKeys":[]},{"senderKeyId":1885031421,"senderChainKey":{"iteration":2,"seed":"RdEEz7GyqlbGjzTjHiumzG+jWolD0tvXVLwAHJ8r7uQ="},"senderSigningKey":{"public":"BU3L/rYhu4KGb+Dh4BdOFrUCAM1Yzgkflrk4dwp0reAs"},"senderMessageKeys":[]},{"senderKeyId":1885031421,"senderChainKey":{"iteration":1,"seed":"tcrX630ZZSzpd4A3CTWHBkrEiZZG6OOaGuFitqRzKp8="},"senderSigningKey":{"public":"BU3L/rYhu4KGb+Dh4BdOFrUCAM1Yzgkflrk4dwp0reAs"},"senderMessageKeys":[]}]