[{"senderKeyId":245606370,"senderChainKey":{"iteration":0,"seed":"V3VnPamwY57sBNkTLkZfTyX3DKo3blEXeyoCfhZ2s0M="},"senderSigningKey":{"public":"BQ79R4H/6Mr3ssWhidqLQKD9VzjidJ7q2NhYE2/2aSEX"},"senderMessageKeys":[]},{"senderKeyId":1822728439,"senderChainKey":{"iteration":1,"seed":"cXxi2N4/cDDFDKljEVLym3vXGCF9/rvxhDp3LoyO0VU="},"senderSigningKey":{"public":"BW0OJ7hlWnn2KMcfquUYbyFoaKs4lj6BYsT3GTzRDahs"},"senderMessageKeys":[]},{"senderKeyId":34058349,"senderChainKey":{"iteration":5,"seed":"SzpBsngyVLP1/mZ8SvhCLOGE5fjnzNnoZJW8l/4fNfk="},"senderSigningKey":{"public":"BS6Pj9X0OQxGDc465V1I9ucxzjF3DRo/mmWOnaWvLcph"},"senderMessageKeys":[]},{"senderKeyId":1710868808,"senderChainKey":{"iteration":2,"seed":"MRGoLkZXDn8BA+/w4tDE0TILQVnkXP4RZmZoaULqACQ="},"senderSigningKey":{"public":"BQlpMTtz1yAOTEyt2nFZ0cpV+JpcbifzLSIc2ut4sWFJ"},"senderMessageKeys":[]}]