[{"senderKeyId":1817967528,"senderChainKey":{"iteration":316,"seed":"5pEy9x6uD51Z3PCD8SVA39JL96/irQ8vAelR1v3N2W8="},"senderSigningKey":{"public":"BX1CBKQeSiJrgMKlC1GiUucsJN0jQFxaVG38LLosqTg2"},"senderMessageKeys":[]},{"senderKeyId":1817967528,"senderChainKey":{"iteration":76,"seed":"XB8kJgmAhbwZbLCuNNrRUqefIA8pULdVY0AhRVbyVbA="},"senderSigningKey":{"public":"BX1CBKQeSiJrgMKlC1GiUucsJN0jQFxaVG38LLosqTg2"},"senderMessageKeys":[]},{"senderKeyId":1817967528,"senderChainKey":{"iteration":77,"seed":"Q2R//xPSZVc/5Cf0Zxqq8BWnjBrbJHxKnrJN2cPo3gw="},"senderSigningKey":{"public":"BX1CBKQeSiJrgMKlC1GiUucsJN0jQFxaVG38LLosqTg2"},"senderMessageKeys":[]},{"senderKeyId":1817967528,"senderChainKey":{"iteration":78,"seed":"sR1Q1YE4+NCrrTK9CFZSCjczcbCPGhJOFXF0p5FMr90="},"senderSigningKey":{"public":"BX1CBKQeSiJrgMKlC1GiUucsJN0jQFxaVG38LLosqTg2"},"senderMessageKeys":[]},{"senderKeyId":1817967528,"senderChainKey":{"iteration":79,"seed":"CAAE0gEmx37+7gQLmeullWQZ67GYL0sVhlDFnWDOGMQ="},"senderSigningKey":{"public":"BX1CBKQeSiJrgMKlC1GiUucsJN0jQFxaVG38LLosqTg2"},"senderMessageKeys":[]},{"senderKeyId":1817967528,"senderChainKey":{"iteration":113,"seed":"f1DcHE5cJd+Csx6ZdjnyxrcJhxlQmf3WzfeLbxf4Y3Y="},"senderSigningKey":{"public":"BX1CBKQeSiJrgMKlC1GiUucsJN0jQFxaVG38LLosqTg2"},"senderMessageKeys":[]},{"senderKeyId":1817967528,"senderChainKey":{"iteration":114,"seed":"Y198KHC/xWua+0LN5UoQw1Jl1gigt6MROLMGHg8chF4="},"senderSigningKey":{"public":"BX1CBKQeSiJrgMKlC1GiUucsJN0jQFxaVG38LLosqTg2"},"senderMessageKeys":[]},{"senderKeyId":1817967528,"senderChainKey":{"iteration":115,"seed":"JBFft0b6Z7DNUJHdD0YjkA3X6HFwoAnljRYqB2bIPrk="},"senderSigningKey":{"public":"BX1CBKQeSiJrgMKlC1GiUucsJN0jQFxaVG38LLosqTg2"},"senderMessageKeys":[]},{"senderKeyId":1817967528,"senderChainKey":{"iteration":116,"seed":"Rig0Y1qD+uyocstHAqNx3QKlj3tcgWBiQov/PtFdbQ8="},"senderSigningKey":{"public":"BX1CBKQeSiJrgMKlC1GiUucsJN0jQFxaVG38LLosqTg2"},"senderMessageKeys":[]},{"senderKeyId":1817967528,"senderChainKey":{"iteration":117,"seed":"fO1HclPElR87D/lTd0vqQZitRWdyQFI5xtzAxNchcxM="},"senderSigningKey":{"public":"BX1CBKQeSiJrgMKlC1GiUucsJN0jQFxaVG38LLosqTg2"},"senderMessageKeys":[]},{"senderKeyId":1817967528,"senderChainKey":{"iteration":118,"seed":"0Y+DQOHgcGW/0ujtUBIpj7CAPH2jH3MnK91hHQCkpbI="},"senderSigningKey":{"public":"BX1CBKQeSiJrgMKlC1GiUucsJN0jQFxaVG38LLosqTg2"},"senderMessageKeys":[]},{"senderKeyId":1817967528,"senderChainKey":{"iteration":119,"seed":"H3rG0nedIzVbOJixyNcZnFx5VZL1MkLAhw8eAzeJV3Q="},"senderSigningKey":{"public":"BX1CBKQeSiJrgMKlC1GiUucsJN0jQFxaVG38LLosqTg2"},"senderMessageKeys":[]},{"senderKeyId":1817967528,"senderChainKey":{"iteration":120,"seed":"7z6nXfCBVpmgUIRYTb3dziqyxNE+jUHMYkdF9GEuam0="},"senderSigningKey":{"public":"BX1CBKQeSiJrgMKlC1GiUucsJN0jQFxaVG38LLosqTg2"},"senderMessageKeys":[]},{"senderKeyId":1817967528,"senderChainKey":{"iteration":121,"seed":"SfKMXAKwxDkDaThAEz7OpAgfVq7lYWQ9x4VdEi6c014="},"senderSigningKey":{"public":"BX1CBKQeSiJrgMKlC1GiUucsJN0jQFxaVG38LLosqTg2"},"senderMessageKeys":[]},{"senderKeyId":1817967528,"senderChainKey":{"iteration":122,"seed":"rPiK/A171HLTix5u73NGvrBfozA4FVmqfn5To4xMuz4="},"senderSigningKey":{"public":"BX1CBKQeSiJrgMKlC1GiUucsJN0jQFxaVG38LLosqTg2"},"senderMessageKeys":[]},{"senderKeyId":1817967528,"senderChainKey":{"iteration":123,"seed":"tKHSdWJiLLA0QBcx3M9RplbtxMHsq0wfikn+UQHmHDE="},"senderSigningKey":{"public":"BX1CBKQeSiJrgMKlC1GiUucsJN0jQFxaVG38LLosqTg2"},"senderMessageKeys":[]},{"senderKeyId":1817967528,"senderChainKey":{"iteration":124,"seed":"kzH0sOiXGt/lOSKQTaBzbArYkYbYEyzpJpudqnzt4c8="},"senderSigningKey":{"public":"BX1CBKQeSiJrgMKlC1GiUucsJN0jQFxaVG38LLosqTg2"},"senderMessageKeys":[]},{"senderKeyId":1817967528,"senderChainKey":{"iteration":125,"seed":"CQQ+mk+mHF1tyVYS/9/7cLQ2zncBuMxuLedRO+DDqw0="},"senderSigningKey":{"public":"BX1CBKQeSiJrgMKlC1GiUucsJN0jQFxaVG38LLosqTg2"},"senderMessageKeys":[]},{"senderKeyId":1817967528,"senderChainKey":{"iteration":126,"seed":"rEGJ9OgGzQLR2255yYA9Cx0NfqDn+0eWn44MBayfgDw="},"senderSigningKey":{"public":"BX1CBKQeSiJrgMKlC1GiUucsJN0jQFxaVG38LLosqTg2"},"senderMessageKeys":[]},{"senderKeyId":1817967528,"senderChainKey":{"iteration":127,"seed":"HxYrnQX0fQlYaBXyQRSzTnPI8VA47CXYTWxRHiOgbMk="},"senderSigningKey":{"public":"BX1CBKQeSiJrgMKlC1GiUucsJN0jQFxaVG38LLosqTg2"},"senderMessageKeys":[]},{"senderKeyId":1817967528,"senderChainKey":{"iteration":128,"seed":"h+igSes9GSnMSQ9v0VolpcJpd1cAJPkxn7rcnSgDd0k="},"senderSigningKey":{"public":"BX1CBKQeSiJrgMKlC1GiUucsJN0jQFxaVG38LLosqTg2"},"senderMessageKeys":[]},{"senderKeyId":1817967528,"senderChainKey":{"iteration":129,"seed":"q/iiyQ9vbBVvVg0t27CnG06GZlr5FeeeVe8KoMbkgOI="},"senderSigningKey":{"public":"BX1CBKQeSiJrgMKlC1GiUucsJN0jQFxaVG38LLosqTg2"},"senderMessageKeys":[]},{"senderKeyId":1817967528,"senderChainKey":{"iteration":130,"seed":"1IIgCUOpY4KY2ndouValg4G5BRif7Y+cPRh9//NKTA4="},"senderSigningKey":{"public":"BX1CBKQeSiJrgMKlC1GiUucsJN0jQFxaVG38LLosqTg2"},"senderMessageKeys":[]},{"senderKeyId":1817967528,"senderChainKey":{"iteration":131,"seed":"WW16q+o1qeYW7yZASHZYH2zu8pMp2SxS5Ya7SAyLoOo="},"senderSigningKey":{"public":"BX1CBKQeSiJrgMKlC1GiUucsJN0jQFxaVG38LLosqTg2"},"senderMessageKeys":[]},{"senderKeyId":1817967528,"senderChainKey":{"iteration":132,"seed":"DehhRH0eT9GD6FnAUiDtjnp+I963WbumHJFwmmXppyE="},"senderSigningKey":{"public":"BX1CBKQeSiJrgMKlC1GiUucsJN0jQFxaVG38LLosqTg2"},"senderMessageKeys":[]},{"senderKeyId":1817967528,"senderChainKey":{"iteration":133,"seed":"llfFe0HzFxGfNs68MhmQFvZh+chF25to81F8D0Eekxk="},"senderSigningKey":{"public":"BX1CBKQeSiJrgMKlC1GiUucsJN0jQFxaVG38LLosqTg2"},"senderMessageKeys":[]},{"senderKeyId":1817967528,"senderChainKey":{"iteration":134,"seed":"yxtmxlAwpgocW5YxilBLI5uljt10HyiiAcVJQRMrB8M="},"senderSigningKey":{"public":"BX1CBKQeSiJrgMKlC1GiUucsJN0jQFxaVG38LLosqTg2"},"senderMessageKeys":[]},{"senderKeyId":1817967528,"senderChainKey":{"iteration":135,"seed":"Vhb1GGyQcDzRDZQblFhGdbdCgJdctfcjjNBC95PXlL0="},"senderSigningKey":{"public":"BX1CBKQeSiJrgMKlC1GiUucsJN0jQFxaVG38LLosqTg2"},"senderMessageKeys":[]},{"senderKeyId":1817967528,"senderChainKey":{"iteration":136,"seed":"ywgCYpPvmQaXDLttS8mkiquHGdklKMxIIZrfjGIL1/E="},"senderSigningKey":{"public":"BX1CBKQeSiJrgMKlC1GiUucsJN0jQFxaVG38LLosqTg2"},"senderMessageKeys":[]},{"senderKeyId":1817967528,"senderChainKey":{"iteration":137,"seed":"m6HbRlgbMa52Z6AD1myw/Kh1O/EhtDcP+QIbIu4w8C4="},"senderSigningKey":{"public":"BX1CBKQeSiJrgMKlC1GiUucsJN0jQFxaVG38LLosqTg2"},"senderMessageKeys":[]},{"senderKeyId":1817967528,"senderChainKey":{"iteration":138,"seed":"CQmmnupb85hRZQPi26c0xMcWuaeJ92sFlRh/TA6jKoY="},"senderSigningKey":{"public":"BX1CBKQeSiJrgMKlC1GiUucsJN0jQFxaVG38LLosqTg2"},"senderMessageKeys":[]},{"senderKeyId":1817967528,"senderChainKey":{"iteration":139,"seed":"e7PwIlDknVEnQY7BlfTpMSQkJhh+DHiYgl41TVdX/7c="},"senderSigningKey":{"public":"BX1CBKQeSiJrgMKlC1GiUucsJN0jQFxaVG38LLosqTg2"},"senderMessageKeys":[]},{"senderKeyId":1817967528,"senderChainKey":{"iteration":140,"seed":"IXwNHmsl2ddRxtrW03dfB6BjMrh02j72Z1S3inospJ4="},"senderSigningKey":{"public":"BX1CBKQeSiJrgMKlC1GiUucsJN0jQFxaVG38LLosqTg2"},"senderMessageKeys":[]},{"senderKeyId":1817967528,"senderChainKey":{"iteration":141,"seed":"Bgmb95mxyIFXRYDE+ogyFQpApYggPqEpjAF/guMDVHM="},"senderSigningKey":{"public":"BX1CBKQeSiJrgMKlC1GiUucsJN0jQFxaVG38LLosqTg2"},"senderMessageKeys":[]},{"senderKeyId":1817967528,"senderChainKey":{"iteration":142,"seed":"9Qynxxqy8JSAzl/oIYOaZOd1eyEqbnfMlIxBjI6gC1w="},"senderSigningKey":{"public":"BX1CBKQeSiJrgMKlC1GiUucsJN0jQFxaVG38LLosqTg2"},"senderMessageKeys":[]},{"senderKeyId":1817967528,"senderChainKey":{"iteration":143,"seed":"+mm9ftBoZBxffu94mWq64B1Ix2mC9snJmFaA6B/6qlE="},"senderSigningKey":{"public":"BX1CBKQeSiJrgMKlC1GiUucsJN0jQFxaVG38LLosqTg2"},"senderMessageKeys":[]},{"senderKeyId":1817967528,"senderChainKey":{"iteration":144,"seed":"kI235J3nbuR66iDgFyu21tmu8Tec+axTM0T0b416ySs="},"senderSigningKey":{"public":"BX1CBKQeSiJrgMKlC1GiUucsJN0jQFxaVG38LLosqTg2"},"senderMessageKeys":[]},{"senderKeyId":1817967528,"senderChainKey":{"iteration":145,"seed":"s9LQXWRO0TfD6C0TdXIE2YqFCIF2F8jAE8D3SwjrN+g="},"senderSigningKey":{"public":"BX1CBKQeSiJrgMKlC1GiUucsJN0jQFxaVG38LLosqTg2"},"senderMessageKeys":[]},{"senderKeyId":1817967528,"senderChainKey":{"iteration":146,"seed":"z7LcZ7gvJGK4jyesnVUY92+DzJVnpvHfU15xlSJjw54="},"senderSigningKey":{"public":"BX1CBKQeSiJrgMKlC1GiUucsJN0jQFxaVG38LLosqTg2"},"senderMessageKeys":[]},{"senderKeyId":1817967528,"senderChainKey":{"iteration":147,"seed":"VdSPm2DlSbL0/BJpq5/EJst9S8IAXU8WlsYTD0CM7zw="},"senderSigningKey":{"public":"BX1CBKQeSiJrgMKlC1GiUucsJN0jQFxaVG38LLosqTg2"},"senderMessageKeys":[]},{"senderKeyId":1817967528,"senderChainKey":{"iteration":148,"seed":"bPECqBvuh9oMransHukyYldRxeyUz3ZqMIS1K4JGAa8="},"senderSigningKey":{"public":"BX1CBKQeSiJrgMKlC1GiUucsJN0jQFxaVG38LLosqTg2"},"senderMessageKeys":[]},{"senderKeyId":1817967528,"senderChainKey":{"iteration":149,"seed":"C3GKbisg5DQ7OXKeMJmkqavFfK0MuO5zfne3BiPRDms="},"senderSigningKey":{"public":"BX1CBKQeSiJrgMKlC1GiUucsJN0jQFxaVG38LLosqTg2"},"senderMessageKeys":[]},{"senderKeyId":1817967528,"senderChainKey":{"iteration":150,"seed":"GEBz7Zt3VIFpSzJZolbMnDW6R17ZB/torVjkIospvsg="},"senderSigningKey":{"public":"BX1CBKQeSiJrgMKlC1GiUucsJN0jQFxaVG38LLosqTg2"},"senderMessageKeys":[]},{"senderKeyId":1817967528,"senderChainKey":{"iteration":151,"seed":"o2Vx0JeWzRRZ8+INq+EmSE96NTtgpy4X83Tgtku27/k="},"senderSigningKey":{"public":"BX1CBKQeSiJrgMKlC1GiUucsJN0jQFxaVG38LLosqTg2"},"senderMessageKeys":[]},{"senderKeyId":1817967528,"senderChainKey":{"iteration":152,"seed":"hsuX+Zk2qZPSNe+YLA0s8GxbhkXuCbQJ7rqQGKUzJ5M="},"senderSigningKey":{"public":"BX1CBKQeSiJrgMKlC1GiUucsJN0jQFxaVG38LLosqTg2"},"senderMessageKeys":[]},{"senderKeyId":1817967528,"senderChainKey":{"iteration":153,"seed":"4j32J9A2xFXVxbu64FmqNf/3dAMNnoGSpaB1UiSjgyw="},"senderSigningKey":{"public":"BX1CBKQeSiJrgMKlC1GiUucsJN0jQFxaVG38LLosqTg2"},"senderMessageKeys":[]},{"senderKeyId":1817967528,"senderChainKey":{"iteration":154,"seed":"GF0ee115FeDLJ/8fmv+oIL5QNLiz7XJpIh6meB0Ht6o="},"senderSigningKey":{"public":"BX1CBKQeSiJrgMKlC1GiUucsJN0jQFxaVG38LLosqTg2"},"senderMessageKeys":[]},{"senderKeyId":1817967528,"senderChainKey":{"iteration":155,"seed":"u0nmBLovTdEsNsAJT5TdBKbTNqQZQu6oQ/BxyARPFIM="},"senderSigningKey":{"public":"BX1CBKQeSiJrgMKlC1GiUucsJN0jQFxaVG38LLosqTg2"},"senderMessageKeys":[]},{"senderKeyId":1817967528,"senderChainKey":{"iteration":156,"seed":"dB5RlqbwpLP4MuvnXy+uZS412qfeVe7xlenv8+9kAKo="},"senderSigningKey":{"public":"BX1CBKQeSiJrgMKlC1GiUucsJN0jQFxaVG38LLosqTg2"},"senderMessageKeys":[]},{"senderKeyId":1817967528,"senderChainKey":{"iteration":157,"seed":"hMU7JWsjQairZsVTXUopksLjeb+eBYho921l10sYzVk="},"senderSigningKey":{"public":"BX1CBKQeSiJrgMKlC1GiUucsJN0jQFxaVG38LLosqTg2"},"senderMessageKeys":[]},{"senderKeyId":1817967528,"senderChainKey":{"iteration":158,"seed":"XjeMehfWIJzg6M/l7K0uz5F4huMUAS1qdXeGl9TIgR4="},"senderSigningKey":{"public":"BX1CBKQeSiJrgMKlC1GiUucsJN0jQFxaVG38LLosqTg2"},"senderMessageKeys":[]},{"senderKeyId":1817967528,"senderChainKey":{"iteration":159,"seed":"jQkp1HvFzqrspUej07CbF3gzZrNvG2tcYGRjctilotA="},"senderSigningKey":{"public":"BX1CBKQeSiJrgMKlC1GiUucsJN0jQFxaVG38LLosqTg2"},"senderMessageKeys":[]},{"senderKeyId":1817967528,"senderChainKey":{"iteration":160,"seed":"kfzJ9Cb6hnoQFNQa7CXHllVXZNwvrWGTs7Xuds1VJFI="},"senderSigningKey":{"public":"BX1CBKQeSiJrgMKlC1GiUucsJN0jQFxaVG38LLosqTg2"},"senderMessageKeys":[]},{"senderKeyId":1817967528,"senderChainKey":{"iteration":161,"seed":"ZjMSmtlc6HX1pYILuu+p1bUy8q0U8P209ZUmsykfdZY="},"senderSigningKey":{"public":"BX1CBKQeSiJrgMKlC1GiUucsJN0jQFxaVG38LLosqTg2"},"senderMessageKeys":[]},{"senderKeyId":1817967528,"senderChainKey":{"iteration":162,"seed":"3Ddkeno+k0w1cEmVGAIWr6s+4PGe7Sx/DnGYbM1k1/Y="},"senderSigningKey":{"public":"BX1CBKQeSiJrgMKlC1GiUucsJN0jQFxaVG38LLosqTg2"},"senderMessageKeys":[]},{"senderKeyId":1817967528,"senderChainKey":{"iteration":163,"seed":"ULwtj7yKwzaEjhMprLxBh+FHgKmI9lB22zpEZn3k7fI="},"senderSigningKey":{"public":"BX1CBKQeSiJrgMKlC1GiUucsJN0jQFxaVG38LLosqTg2"},"senderMessageKeys":[]},{"senderKeyId":1817967528,"senderChainKey":{"iteration":164,"seed":"LkSabekyL0FhcpVmG3MEDHGjvUbf0+anyz8noaOHyaU="},"senderSigningKey":{"public":"BX1CBKQeSiJrgMKlC1GiUucsJN0jQFxaVG38LLosqTg2"},"senderMessageKeys":[]},{"senderKeyId":1817967528,"senderChainKey":{"iteration":165,"seed":"YbpJG7i+1YpNadjB+jR0VQjAihiTuiaLN/xRo63wmsA="},"senderSigningKey":{"public":"BX1CBKQeSiJrgMKlC1GiUucsJN0jQFxaVG38LLosqTg2"},"senderMessageKeys":[]},{"senderKeyId":1817967528,"senderChainKey":{"iteration":166,"seed":"rQWEF0pdQfJijHVvJXSSOayLtioMy8lb7fUzpUt+MrQ="},"senderSigningKey":{"public":"BX1CBKQeSiJrgMKlC1GiUucsJN0jQFxaVG38LLosqTg2"},"senderMessageKeys":[]},{"senderKeyId":1817967528,"senderChainKey":{"iteration":167,"seed":"vqSLMAyKOcT/98Z+66Cv8j61vcUd9n8raL6O3yB+dXo="},"senderSigningKey":{"public":"BX1CBKQeSiJrgMKlC1GiUucsJN0jQFxaVG38LLosqTg2"},"senderMessageKeys":[]},{"senderKeyId":1817967528,"senderChainKey":{"iteration":168,"seed":"muykYxSoZLzgcPFpp3Q6YM0kvWCSV0Zpe4v+sgFM6rM="},"senderSigningKey":{"public":"BX1CBKQeSiJrgMKlC1GiUucsJN0jQFxaVG38LLosqTg2"},"senderMessageKeys":[]},{"senderKeyId":1817967528,"senderChainKey":{"iteration":169,"seed":"URjsc8II4XjX0OQn1ViH0/k211fmGq5vWMiWBuDq4Ug="},"senderSigningKey":{"public":"BX1CBKQeSiJrgMKlC1GiUucsJN0jQFxaVG38LLosqTg2"},"senderMessageKeys":[]},{"senderKeyId":1817967528,"senderChainKey":{"iteration":170,"seed":"gXMneQyyQLc6/GafZeZPLoeYYrPrAm0LIsmxtNC9Qv0="},"senderSigningKey":{"public":"BX1CBKQeSiJrgMKlC1GiUucsJN0jQFxaVG38LLosqTg2"},"senderMessageKeys":[]},{"senderKeyId":1817967528,"senderChainKey":{"iteration":171,"seed":"GYnwtaNgU2pwFqBXJ+YQ/kriAUuTRlaO4woEYuen8DI="},"senderSigningKey":{"public":"BX1CBKQeSiJrgMKlC1GiUucsJN0jQFxaVG38LLosqTg2"},"senderMessageKeys":[]},{"senderKeyId":1817967528,"senderChainKey":{"iteration":172,"seed":"5Gj21JA34LiBAExbxePAqi17CJYl0lZJZG9zimboUpY="},"senderSigningKey":{"public":"BX1CBKQeSiJrgMKlC1GiUucsJN0jQFxaVG38LLosqTg2"},"senderMessageKeys":[]},{"senderKeyId":1817967528,"senderChainKey":{"iteration":173,"seed":"RHz4DV0qIyOfJHJRTN5NVfvj21mcrQ2PfsPYwQq4eWY="},"senderSigningKey":{"public":"BX1CBKQeSiJrgMKlC1GiUucsJN0jQFxaVG38LLosqTg2"},"senderMessageKeys":[]},{"senderKeyId":1817967528,"senderChainKey":{"iteration":174,"seed":"aT04FJ2GKLZCO+KKR2ohV6X0E1+qj4ZzHmWPSXwcmFw="},"senderSigningKey":{"public":"BX1CBKQeSiJrgMKlC1GiUucsJN0jQFxaVG38LLosqTg2"},"senderMessageKeys":[]},{"senderKeyId":1817967528,"senderChainKey":{"iteration":175,"seed":"K26yAc9hXnjcoMJd5FX1zcsoaeAeyt3kkH4fUavY+dY="},"senderSigningKey":{"public":"BX1CBKQeSiJrgMKlC1GiUucsJN0jQFxaVG38LLosqTg2"},"senderMessageKeys":[]},{"senderKeyId":1817967528,"senderChainKey":{"iteration":176,"seed":"/A9PdvixCfAqCEqSKzjOh8H3e/Ajq0JklB5L9+sFb+k="},"senderSigningKey":{"public":"BX1CBKQeSiJrgMKlC1GiUucsJN0jQFxaVG38LLosqTg2"},"senderMessageKeys":[]},{"senderKeyId":1817967528,"senderChainKey":{"iteration":177,"seed":"poK++MI7VlwGkap1qhONSJoipl/2dDdPKoR1EXS9yzQ="},"senderSigningKey":{"public":"BX1CBKQeSiJrgMKlC1GiUucsJN0jQFxaVG38LLosqTg2"},"senderMessageKeys":[]},{"senderKeyId":1817967528,"senderChainKey":{"iteration":178,"seed":"Mm7Ke/dl3mXXI+nQolWqB1VcKr+RtixaVYKPcAg8RME="},"senderSigningKey":{"public":"BX1CBKQeSiJrgMKlC1GiUucsJN0jQFxaVG38LLosqTg2"},"senderMessageKeys":[]},{"senderKeyId":1817967528,"senderChainKey":{"iteration":182,"seed":"0MBJH8neI5qt37pMD/+EjlY8tv56hqNnBiTNKUVsZ/U="},"senderSigningKey":{"public":"BX1CBKQeSiJrgMKlC1GiUucsJN0jQFxaVG38LLosqTg2"},"senderMessageKeys":[]},{"senderKeyId":1817967528,"senderChainKey":{"iteration":183,"seed":"MJvtg1jASgOpymt6+LM9aNhGBlZTcYCzgarNBf90FKc="},"senderSigningKey":{"public":"BX1CBKQeSiJrgMKlC1GiUucsJN0jQFxaVG38LLosqTg2"},"senderMessageKeys":[]},{"senderKeyId":1817967528,"senderChainKey":{"iteration":184,"seed":"vDRu4rRGEL6FKUYkL+p8h0dNA2CrO5aBijXTtAJNA0U="},"senderSigningKey":{"public":"BX1CBKQeSiJrgMKlC1GiUucsJN0jQFxaVG38LLosqTg2"},"senderMessageKeys":[]},{"senderKeyId":1817967528,"senderChainKey":{"iteration":185,"seed":"2AKvOjeih9//djnlelhQ2KK8emW3TOOg2xpG5y4J7fU="},"senderSigningKey":{"public":"BX1CBKQeSiJrgMKlC1GiUucsJN0jQFxaVG38LLosqTg2"},"senderMessageKeys":[]},{"senderKeyId":1817967528,"senderChainKey":{"iteration":186,"seed":"Ugo5G86qYKtbvCZcHFgG+9TEybQw6mUI7MVBvnnwsMg="},"senderSigningKey":{"public":"BX1CBKQeSiJrgMKlC1GiUucsJN0jQFxaVG38LLosqTg2"},"senderMessageKeys":[]},{"senderKeyId":1817967528,"senderChainKey":{"iteration":187,"seed":"L0/yVN4UwTeWYcUX0IzOiqVjCmRqPnnBzkpN3ev7VLM="},"senderSigningKey":{"public":"BX1CBKQeSiJrgMKlC1GiUucsJN0jQFxaVG38LLosqTg2"},"senderMessageKeys":[]},{"senderKeyId":1817967528,"senderChainKey":{"iteration":188,"seed":"EniJClM3lIf2tCDxkLD1XcLUKMFuqy3zaeuCN6tbyuw="},"senderSigningKey":{"public":"BX1CBKQeSiJrgMKlC1GiUucsJN0jQFxaVG38LLosqTg2"},"senderMessageKeys":[]},{"senderKeyId":1817967528,"senderChainKey":{"iteration":189,"seed":"dkL2iq1sk4UOZhDp1ozr7LuklQr8HZ88k98DXIk1zbo="},"senderSigningKey":{"public":"BX1CBKQeSiJrgMKlC1GiUucsJN0jQFxaVG38LLosqTg2"},"senderMessageKeys":[]},{"senderKeyId":1817967528,"senderChainKey":{"iteration":190,"seed":"XBZE7KDStle+7sQyJw8YSOphyHY/HDNB4d2mX0waPeo="},"senderSigningKey":{"public":"BX1CBKQeSiJrgMKlC1GiUucsJN0jQFxaVG38LLosqTg2"},"senderMessageKeys":[]},{"senderKeyId":1817967528,"senderChainKey":{"iteration":191,"seed":"551fRw8L46scyTX6uYyUcE7tazfdtSltFU9Vq2EC6Rw="},"senderSigningKey":{"public":"BX1CBKQeSiJrgMKlC1GiUucsJN0jQFxaVG38LLosqTg2"},"senderMessageKeys":[]},{"senderKeyId":1817967528,"senderChainKey":{"iteration":192,"seed":"ysP5ts6qqZzNDceW9l8FQitQOPqShjppghDzGrSQHfk="},"senderSigningKey":{"public":"BX1CBKQeSiJrgMKlC1GiUucsJN0jQFxaVG38LLosqTg2"},"senderMessageKeys":[]},{"senderKeyId":1817967528,"senderChainKey":{"iteration":193,"seed":"dn2xHHGCkWcPP0ybn+c/7LlOHGE75nZ/3JrmO+lJc0g="},"senderSigningKey":{"public":"BX1CBKQeSiJrgMKlC1GiUucsJN0jQFxaVG38LLosqTg2"},"senderMessageKeys":[]},{"senderKeyId":1817967528,"senderChainKey":{"iteration":194,"seed":"wqkLZdkNstz23iX93Arx/oEfU1mFshp0xOkHYvDe9Rc="},"senderSigningKey":{"public":"BX1CBKQeSiJrgMKlC1GiUucsJN0jQFxaVG38LLosqTg2"},"senderMessageKeys":[]},{"senderKeyId":1817967528,"senderChainKey":{"iteration":195,"seed":"tua0BOsFiKWGjtIB/JDSKp2WvlCrcselkBCj5MzRQQ0="},"senderSigningKey":{"public":"BX1CBKQeSiJrgMKlC1GiUucsJN0jQFxaVG38LLosqTg2"},"senderMessageKeys":[]},{"senderKeyId":1817967528,"senderChainKey":{"iteration":196,"seed":"jh1aNEi3/WUPPMCx4ENgCl4lpKTwD2jdg93koMzytMI="},"senderSigningKey":{"public":"BX1CBKQeSiJrgMKlC1GiUucsJN0jQFxaVG38LLosqTg2"},"senderMessageKeys":[]},{"senderKeyId":1817967528,"senderChainKey":{"iteration":197,"seed":"WfrWDVvt8y7JoPtyj9VS+0PAj3XdCVMPG2zI25mi3bg="},"senderSigningKey":{"public":"BX1CBKQeSiJrgMKlC1GiUucsJN0jQFxaVG38LLosqTg2"},"senderMessageKeys":[]},{"senderKeyId":1817967528,"senderChainKey":{"iteration":198,"seed":"a72y8n/VcVEEsHpzXptONGA3Yfa4d3EprXe9DUuBYxU="},"senderSigningKey":{"public":"BX1CBKQeSiJrgMKlC1GiUucsJN0jQFxaVG38LLosqTg2"},"senderMessageKeys":[]},{"senderKeyId":1817967528,"senderChainKey":{"iteration":199,"seed":"6Dsg0N8Je93t9rohZwRj9UTnivMsGFSIy+9BurwPRR4="},"senderSigningKey":{"public":"BX1CBKQeSiJrgMKlC1GiUucsJN0jQFxaVG38LLosqTg2"},"senderMessageKeys":[]},{"senderKeyId":1817967528,"senderChainKey":{"iteration":200,"seed":"F6J7Kkfj1Mo7B2+RAcThRMOagC2lLHTPPzIYkqfK8D0="},"senderSigningKey":{"public":"BX1CBKQeSiJrgMKlC1GiUucsJN0jQFxaVG38LLosqTg2"},"senderMessageKeys":[]},{"senderKeyId":1817967528,"senderChainKey":{"iteration":201,"seed":"mbBaLOVEBjEXM+izPJNRBgDgnkD1yJhiuZElGk0KdCs="},"senderSigningKey":{"public":"BX1CBKQeSiJrgMKlC1GiUucsJN0jQFxaVG38LLosqTg2"},"senderMessageKeys":[]},{"senderKeyId":1817967528,"senderChainKey":{"iteration":202,"seed":"p+2CKAgFb6Iwd1glSfHwK9Te9EPVzLErlrHirTOblBM="},"senderSigningKey":{"public":"BX1CBKQeSiJrgMKlC1GiUucsJN0jQFxaVG38LLosqTg2"},"senderMessageKeys":[]},{"senderKeyId":1817967528,"senderChainKey":{"iteration":203,"seed":"Q3oCzuvTMn9TSU9B2BcbA6X+Ei9J20fEFAo7q/yygi4="},"senderSigningKey":{"public":"BX1CBKQeSiJrgMKlC1GiUucsJN0jQFxaVG38LLosqTg2"},"senderMessageKeys":[]},{"senderKeyId":1817967528,"senderChainKey":{"iteration":204,"seed":"yrmtDOGP45L1O7xLn3J4DjLN9ObBVg1Glv8eWGmUi3A="},"senderSigningKey":{"public":"BX1CBKQeSiJrgMKlC1GiUucsJN0jQFxaVG38LLosqTg2"},"senderMessageKeys":[]},{"senderKeyId":1817967528,"senderChainKey":{"iteration":205,"seed":"bid0n51JCcVW8j8Vj5ZRB/HHKqVWa04rkaH+ogK1wpw="},"senderSigningKey":{"public":"BX1CBKQeSiJrgMKlC1GiUucsJN0jQFxaVG38LLosqTg2"},"senderMessageKeys":[]},{"senderKeyId":1817967528,"senderChainKey":{"iteration":206,"seed":"+NkUwz0d9qqJeyoz7fFHnZMSNJcca4MSghCjXT8hjAE="},"senderSigningKey":{"public":"BX1CBKQeSiJrgMKlC1GiUucsJN0jQFxaVG38LLosqTg2"},"senderMessageKeys":[]},{"senderKeyId":1817967528,"senderChainKey":{"iteration":207,"seed":"A7FNUXjZyH4yEC70D9Om0xVJaq0MPBFrndWR9Ygma9w="},"senderSigningKey":{"public":"BX1CBKQeSiJrgMKlC1GiUucsJN0jQFxaVG38LLosqTg2"},"senderMessageKeys":[]},{"senderKeyId":1817967528,"senderChainKey":{"iteration":208,"seed":"atd27ze1t8z/5duciAoMGChbXiJAIKvRtfPfoUHR224="},"senderSigningKey":{"public":"BX1CBKQeSiJrgMKlC1GiUucsJN0jQFxaVG38LLosqTg2"},"senderMessageKeys":[]},{"senderKeyId":1817967528,"senderChainKey":{"iteration":209,"seed":"ZAS0aEJEuEUEQgjcE1WCRSeEqeQ7ZtTeZ80v3EUkphc="},"senderSigningKey":{"public":"BX1CBKQeSiJrgMKlC1GiUucsJN0jQFxaVG38LLosqTg2"},"senderMessageKeys":[]},{"senderKeyId":1817967528,"senderChainKey":{"iteration":210,"seed":"UQQt4C2Q4f3WDcz7gtgphScBxSQ5fEuQihQ9WiNScMI="},"senderSigningKey":{"public":"BX1CBKQeSiJrgMKlC1GiUucsJN0jQFxaVG38LLosqTg2"},"senderMessageKeys":[]},{"senderKeyId":1817967528,"senderChainKey":{"iteration":211,"seed":"MLznQIO/w7dZD0HpCmVPORdDxoQ1zIfsmZBoPiEcijw="},"senderSigningKey":{"public":"BX1CBKQeSiJrgMKlC1GiUucsJN0jQFxaVG38LLosqTg2"},"senderMessageKeys":[]},{"senderKeyId":1817967528,"senderChainKey":{"iteration":212,"seed":"RAkmW54Tvr6q6PTT4lPYwRAu8ddFEQ3SNosbCV1zzVg="},"senderSigningKey":{"public":"BX1CBKQeSiJrgMKlC1GiUucsJN0jQFxaVG38LLosqTg2"},"senderMessageKeys":[]},{"senderKeyId":1817967528,"senderChainKey":{"iteration":213,"seed":"dMn/qi/tFeaYAKz4ZnBsGk3ZGc+Ro8zi3ndusx/+lI0="},"senderSigningKey":{"public":"BX1CBKQeSiJrgMKlC1GiUucsJN0jQFxaVG38LLosqTg2"},"senderMessageKeys":[]},{"senderKeyId":1817967528,"senderChainKey":{"iteration":214,"seed":"/8vNiW45z9MIbl8XoKqQFFLM3cBwFZLrOaKl69AUoqw="},"senderSigningKey":{"public":"BX1CBKQeSiJrgMKlC1GiUucsJN0jQFxaVG38LLosqTg2"},"senderMessageKeys":[]},{"senderKeyId":1817967528,"senderChainKey":{"iteration":215,"seed":"uROiO36JYL+bGBv4RSB75Z0or0YCXY/QApB4TdmFqUA="},"senderSigningKey":{"public":"BX1CBKQeSiJrgMKlC1GiUucsJN0jQFxaVG38LLosqTg2"},"senderMessageKeys":[]},{"senderKeyId":1817967528,"senderChainKey":{"iteration":216,"seed":"PH+PuwbEU8EjDJnBn2SZbM4QRbUVrjQ4gsgyZdvwI+c="},"senderSigningKey":{"public":"BX1CBKQeSiJrgMKlC1GiUucsJN0jQFxaVG38LLosqTg2"},"senderMessageKeys":[]},{"senderKeyId":1817967528,"senderChainKey":{"iteration":217,"seed":"ardfQ4bC6S4azmbSxc8cz9s11M2o7+o8h9B1SQ4GKlo="},"senderSigningKey":{"public":"BX1CBKQeSiJrgMKlC1GiUucsJN0jQFxaVG38LLosqTg2"},"senderMessageKeys":[]},{"senderKeyId":1817967528,"senderChainKey":{"iteration":218,"seed":"ztp5GVcHCCacHn83cKCOUg3zgyuy4WuQVje4AiWWEGU="},"senderSigningKey":{"public":"BX1CBKQeSiJrgMKlC1GiUucsJN0jQFxaVG38LLosqTg2"},"senderMessageKeys":[]},{"senderKeyId":1817967528,"senderChainKey":{"iteration":219,"seed":"2IYUDqG6qmkqSVHHFMyZyY97SCPjR2ut9AZyeloKwfw="},"senderSigningKey":{"public":"BX1CBKQeSiJrgMKlC1GiUucsJN0jQFxaVG38LLosqTg2"},"senderMessageKeys":[]},{"senderKeyId":1817967528,"senderChainKey":{"iteration":220,"seed":"HWANtYtPadkCWhWMUtzyinbAcwypwGiEAUKjd8VqD3A="},"senderSigningKey":{"public":"BX1CBKQeSiJrgMKlC1GiUucsJN0jQFxaVG38LLosqTg2"},"senderMessageKeys":[]},{"senderKeyId":1817967528,"senderChainKey":{"iteration":221,"seed":"dq8VsN9ND2I6w8rr70mvdUZVYGoK038y8Z6DkbWgv80="},"senderSigningKey":{"public":"BX1CBKQeSiJrgMKlC1GiUucsJN0jQFxaVG38LLosqTg2"},"senderMessageKeys":[]},{"senderKeyId":1817967528,"senderChainKey":{"iteration":222,"seed":"i855BbF8Bf71W2eyYSzHrN0XQA7d0wlNlck/GO2b8jY="},"senderSigningKey":{"public":"BX1CBKQeSiJrgMKlC1GiUucsJN0jQFxaVG38LLosqTg2"},"senderMessageKeys":[]},{"senderKeyId":1817967528,"senderChainKey":{"iteration":223,"seed":"ghPRYnQZjVejb38Cn+jr8zlLe0im1o0N1i6WiS/sk14="},"senderSigningKey":{"public":"BX1CBKQeSiJrgMKlC1GiUucsJN0jQFxaVG38LLosqTg2"},"senderMessageKeys":[]},{"senderKeyId":1817967528,"senderChainKey":{"iteration":224,"seed":"hggx+j6u22NopVt72t3e8EUgyZ79FR3cuHD6ZhOMtps="},"senderSigningKey":{"public":"BX1CBKQeSiJrgMKlC1GiUucsJN0jQFxaVG38LLosqTg2"},"senderMessageKeys":[]},{"senderKeyId":1817967528,"senderChainKey":{"iteration":225,"seed":"7hjcOeQ9YTKTMRGwXwmJqCMVib1B33u2YTOmwBxi7f4="},"senderSigningKey":{"public":"BX1CBKQeSiJrgMKlC1GiUucsJN0jQFxaVG38LLosqTg2"},"senderMessageKeys":[]},{"senderKeyId":1817967528,"senderChainKey":{"iteration":226,"seed":"lw0MH8astpJIklc6hIWgFopDGpnnWs4xgNzwFX1ZuFk="},"senderSigningKey":{"public":"BX1CBKQeSiJrgMKlC1GiUucsJN0jQFxaVG38LLosqTg2"},"senderMessageKeys":[]},{"senderKeyId":1817967528,"senderChainKey":{"iteration":227,"seed":"OKVNWeCXquiob6WyR4sMcuC9VxZEH5Dvf6QsdUw+2S8="},"senderSigningKey":{"public":"BX1CBKQeSiJrgMKlC1GiUucsJN0jQFxaVG38LLosqTg2"},"senderMessageKeys":[]},{"senderKeyId":1817967528,"senderChainKey":{"iteration":228,"seed":"0337f1oCi96N/ATNO0Wdyp5najWtYuFuev2fO6rNess="},"senderSigningKey":{"public":"BX1CBKQeSiJrgMKlC1GiUucsJN0jQFxaVG38LLosqTg2"},"senderMessageKeys":[]},{"senderKeyId":1817967528,"senderChainKey":{"iteration":229,"seed":"Y73+t8HaSj9HldZJOzTsg2b/fxdvUF8JqIMo1nVolM4="},"senderSigningKey":{"public":"BX1CBKQeSiJrgMKlC1GiUucsJN0jQFxaVG38LLosqTg2"},"senderMessageKeys":[]},{"senderKeyId":1817967528,"senderChainKey":{"iteration":230,"seed":"3uV+MyI3GK22eLnmM2YHoE+6ajDSFjYuJcQ/sMdLzEI="},"senderSigningKey":{"public":"BX1CBKQeSiJrgMKlC1GiUucsJN0jQFxaVG38LLosqTg2"},"senderMessageKeys":[]},{"senderKeyId":1817967528,"senderChainKey":{"iteration":231,"seed":"GPclwNf28EzcvwsiVbUIh/2Ie8a0t8j4gwS9yuIhJlQ="},"senderSigningKey":{"public":"BX1CBKQeSiJrgMKlC1GiUucsJN0jQFxaVG38LLosqTg2"},"senderMessageKeys":[]},{"senderKeyId":1817967528,"senderChainKey":{"iteration":232,"seed":"keRVuB90sNuNu/o5Cu6XFl+cvWey2JpI8cNW0PJQDaU="},"senderSigningKey":{"public":"BX1CBKQeSiJrgMKlC1GiUucsJN0jQFxaVG38LLosqTg2"},"senderMessageKeys":[]},{"senderKeyId":1817967528,"senderChainKey":{"iteration":233,"seed":"KhoQM9VkPT6kMfoyjl3oZQf4urJRKFA1IGPAi/kgpmg="},"senderSigningKey":{"public":"BX1CBKQeSiJrgMKlC1GiUucsJN0jQFxaVG38LLosqTg2"},"senderMessageKeys":[]},{"senderKeyId":1817967528,"senderChainKey":{"iteration":234,"seed":"h3x41Kv0tIbrD2yoxScsnNgfGgcNizEVIEzvwTfKABQ="},"senderSigningKey":{"public":"BX1CBKQeSiJrgMKlC1GiUucsJN0jQFxaVG38LLosqTg2"},"senderMessageKeys":[]},{"senderKeyId":1817967528,"senderChainKey":{"iteration":235,"seed":"kCxr+agYaLdBsDNwtFzSn/4kih6a0x3DVAUwRn+fKWY="},"senderSigningKey":{"public":"BX1CBKQeSiJrgMKlC1GiUucsJN0jQFxaVG38LLosqTg2"},"senderMessageKeys":[]},{"senderKeyId":1817967528,"senderChainKey":{"iteration":236,"seed":"xJhx929puFcDHN4HuPkNbuXKwyDg+UwQhmORFELSv6w="},"senderSigningKey":{"public":"BX1CBKQeSiJrgMKlC1GiUucsJN0jQFxaVG38LLosqTg2"},"senderMessageKeys":[]},{"senderKeyId":1817967528,"senderChainKey":{"iteration":237,"seed":"wbLvlG/7BMdI3DOdiUm/y6TGtXPxHRa6dqubuVVZM3U="},"senderSigningKey":{"public":"BX1CBKQeSiJrgMKlC1GiUucsJN0jQFxaVG38LLosqTg2"},"senderMessageKeys":[]},{"senderKeyId":1817967528,"senderChainKey":{"iteration":238,"seed":"FrKXWAWWmrcvrPcoJuwUnTVOJuuLNt7LJOVJ+YUOdt0="},"senderSigningKey":{"public":"BX1CBKQeSiJrgMKlC1GiUucsJN0jQFxaVG38LLosqTg2"},"senderMessageKeys":[]},{"senderKeyId":1817967528,"senderChainKey":{"iteration":239,"seed":"DwFKSB4mTszU2VcsifqyMUllYFTAXrVhEFpGMcLcW+w="},"senderSigningKey":{"public":"BX1CBKQeSiJrgMKlC1GiUucsJN0jQFxaVG38LLosqTg2"},"senderMessageKeys":[]},{"senderKeyId":1817967528,"senderChainKey":{"iteration":240,"seed":"tZ3rAiQW4E83pQmc3jjoyWgt3BzmHSYKnYH6Ati7BBM="},"senderSigningKey":{"public":"BX1CBKQeSiJrgMKlC1GiUucsJN0jQFxaVG38LLosqTg2"},"senderMessageKeys":[]},{"senderKeyId":1817967528,"senderChainKey":{"iteration":241,"seed":"2JHK3Aootvu8P39cWSzIZbXS6h1pO1mPjtiitUvtS4U="},"senderSigningKey":{"public":"BX1CBKQeSiJrgMKlC1GiUucsJN0jQFxaVG38LLosqTg2"},"senderMessageKeys":[]},{"senderKeyId":1817967528,"senderChainKey":{"iteration":242,"seed":"XXaU370sX5152BcwbXYi4qUQJ+MWRj8TZC4OuOlKt7w="},"senderSigningKey":{"public":"BX1CBKQeSiJrgMKlC1GiUucsJN0jQFxaVG38LLosqTg2"},"senderMessageKeys":[]},{"senderKeyId":1817967528,"senderChainKey":{"iteration":243,"seed":"RF6yMOBIiHtsJDOHySrQhyUWOYchb2ryIBD0Z8FmGtg="},"senderSigningKey":{"public":"BX1CBKQeSiJrgMKlC1GiUucsJN0jQFxaVG38LLosqTg2"},"senderMessageKeys":[]},{"senderKeyId":1817967528,"senderChainKey":{"iteration":244,"seed":"upQzOEjm8xHNWMv5BQmh/R4AS1O0dArQAwBlKwa2giM="},"senderSigningKey":{"public":"BX1CBKQeSiJrgMKlC1GiUucsJN0jQFxaVG38LLosqTg2"},"senderMessageKeys":[]},{"senderKeyId":1817967528,"senderChainKey":{"iteration":245,"seed":"4lv331YXVVEqKh23o0RzdTC8E890GC5mhc3Q5ZrksHc="},"senderSigningKey":{"public":"BX1CBKQeSiJrgMKlC1GiUucsJN0jQFxaVG38LLosqTg2"},"senderMessageKeys":[]},{"senderKeyId":1817967528,"senderChainKey":{"iteration":246,"seed":"Wx+rEusUYKFD7YvO5Guw1bfhAq+DzhoTBfrt+mWgfHE="},"senderSigningKey":{"public":"BX1CBKQeSiJrgMKlC1GiUucsJN0jQFxaVG38LLosqTg2"},"senderMessageKeys":[]},{"senderKeyId":1817967528,"senderChainKey":{"iteration":247,"seed":"4edykGYcc4DsWCJbridhfCwGbRvBKJ4mQR/WLKClk30="},"senderSigningKey":{"public":"BX1CBKQeSiJrgMKlC1GiUucsJN0jQFxaVG38LLosqTg2"},"senderMessageKeys":[]},{"senderKeyId":1817967528,"senderChainKey":{"iteration":248,"seed":"kn1Ye/pGZO7l4wF3Jx78n29EUu9oaYpbrwHlPQdkNfg="},"senderSigningKey":{"public":"BX1CBKQeSiJrgMKlC1GiUucsJN0jQFxaVG38LLosqTg2"},"senderMessageKeys":[]},{"senderKeyId":1817967528,"senderChainKey":{"iteration":249,"seed":"kSYJSeSJxKB9jZUVITYuSkmeMQG+u7xT/Pkh/0TfY1A="},"senderSigningKey":{"public":"BX1CBKQeSiJrgMKlC1GiUucsJN0jQFxaVG38LLosqTg2"},"senderMessageKeys":[]},{"senderKeyId":1817967528,"senderChainKey":{"iteration":250,"seed":"3nDz/Tb4HBY8IoXjwrv9I/reTrXoRit4QYFj03BI7c4="},"senderSigningKey":{"public":"BX1CBKQeSiJrgMKlC1GiUucsJN0jQFxaVG38LLosqTg2"},"senderMessageKeys":[]},{"senderKeyId":1817967528,"senderChainKey":{"iteration":251,"seed":"ek7NGZxRZjukfoQcnwN/v8dsuRTkNYhOf/gVeVBXcI0="},"senderSigningKey":{"public":"BX1CBKQeSiJrgMKlC1GiUucsJN0jQFxaVG38LLosqTg2"},"senderMessageKeys":[]},{"senderKeyId":1817967528,"senderChainKey":{"iteration":252,"seed":"x+cDAbrIgqmFUAPt2uYxfgejbR0/+sdonckFL6gMskg="},"senderSigningKey":{"public":"BX1CBKQeSiJrgMKlC1GiUucsJN0jQFxaVG38LLosqTg2"},"senderMessageKeys":[]},{"senderKeyId":1817967528,"senderChainKey":{"iteration":253,"seed":"hxoaxw4qQjcepllv2gIhtrF7a7VGgAMhwuYRG02zNYA="},"senderSigningKey":{"public":"BX1CBKQeSiJrgMKlC1GiUucsJN0jQFxaVG38LLosqTg2"},"senderMessageKeys":[]},{"senderKeyId":1817967528,"senderChainKey":{"iteration":254,"seed":"wFuMOZPas7ji70pfbIwrHU2cEjNITh5UJfmgPpmePwI="},"senderSigningKey":{"public":"BX1CBKQeSiJrgMKlC1GiUucsJN0jQFxaVG38LLosqTg2"},"senderMessageKeys":[]},{"senderKeyId":1817967528,"senderChainKey":{"iteration":255,"seed":"M6Q7Ni6IyN1G7fpD/1/f9rEA2bKZBeMS8ogwFF2ov/s="},"senderSigningKey":{"public":"BX1CBKQeSiJrgMKlC1GiUucsJN0jQFxaVG38LLosqTg2"},"senderMessageKeys":[]},{"senderKeyId":1817967528,"senderChainKey":{"iteration":256,"seed":"yEFYwQW/M8J9N1CJXZgGovbY3N9xC2HileysiRs9okQ="},"senderSigningKey":{"public":"BX1CBKQeSiJrgMKlC1GiUucsJN0jQFxaVG38LLosqTg2"},"senderMessageKeys":[]},{"senderKeyId":1817967528,"senderChainKey":{"iteration":257,"seed":"3GyiInpqAVQPFhC9ys/hSTHQ8IlgcMQX2KcpCYKrG+Q="},"senderSigningKey":{"public":"BX1CBKQeSiJrgMKlC1GiUucsJN0jQFxaVG38LLosqTg2"},"senderMessageKeys":[]},{"senderKeyId":1817967528,"senderChainKey":{"iteration":258,"seed":"dp1lqpnSaojAFjJSo+y87e9AHnCPRGklmdekepRjt+k="},"senderSigningKey":{"public":"BX1CBKQeSiJrgMKlC1GiUucsJN0jQFxaVG38LLosqTg2"},"senderMessageKeys":[]},{"senderKeyId":1817967528,"senderChainKey":{"iteration":259,"seed":"HrtJRX4jqUgFBnReUBcH3FGBFHm/RuyNuGZevxnVjZY="},"senderSigningKey":{"public":"BX1CBKQeSiJrgMKlC1GiUucsJN0jQFxaVG38LLosqTg2"},"senderMessageKeys":[]},{"senderKeyId":1817967528,"senderChainKey":{"iteration":260,"seed":"XX95ql+6AeeCNxhs7bgpz+c21Zdh0fpBOtJ75/6fayE="},"senderSigningKey":{"public":"BX1CBKQeSiJrgMKlC1GiUucsJN0jQFxaVG38LLosqTg2"},"senderMessageKeys":[]},{"senderKeyId":1817967528,"senderChainKey":{"iteration":261,"seed":"aqiHz/MyPV372HYVHB+JV3xhgC0HRqMTN/n7iwtLQc0="},"senderSigningKey":{"public":"BX1CBKQeSiJrgMKlC1GiUucsJN0jQFxaVG38LLosqTg2"},"senderMessageKeys":[]},{"senderKeyId":1817967528,"senderChainKey":{"iteration":262,"seed":"mLWGPiBsWH6jF8qYMv/B12pnTDvVg7B5XSw/zP56qC0="},"senderSigningKey":{"public":"BX1CBKQeSiJrgMKlC1GiUucsJN0jQFxaVG38LLosqTg2"},"senderMessageKeys":[]},{"senderKeyId":1817967528,"senderChainKey":{"iteration":263,"seed":"UX9QWs47pLRo71lGKYuXk8l66mw0jAHs4Rz4THhHHM0="},"senderSigningKey":{"public":"BX1CBKQeSiJrgMKlC1GiUucsJN0jQFxaVG38LLosqTg2"},"senderMessageKeys":[]},{"senderKeyId":1817967528,"senderChainKey":{"iteration":264,"seed":"N8Kg53xe+lSccp1os47qEoxHQqBb9eKaJfOApn9A31I="},"senderSigningKey":{"public":"BX1CBKQeSiJrgMKlC1GiUucsJN0jQFxaVG38LLosqTg2"},"senderMessageKeys":[]},{"senderKeyId":1817967528,"senderChainKey":{"iteration":265,"seed":"Ir8wlpZ4IAVXwSvEVqxHXFLd9acRELw2KLB058YB1Bw="},"senderSigningKey":{"public":"BX1CBKQeSiJrgMKlC1GiUucsJN0jQFxaVG38LLosqTg2"},"senderMessageKeys":[]},{"senderKeyId":1817967528,"senderChainKey":{"iteration":266,"seed":"1r+P0MTqGu8daJg4yWWQomxfqIuM6b3x+z/34oMwafE="},"senderSigningKey":{"public":"BX1CBKQeSiJrgMKlC1GiUucsJN0jQFxaVG38LLosqTg2"},"senderMessageKeys":[]},{"senderKeyId":1817967528,"senderChainKey":{"iteration":267,"seed":"zBnHypZyYIksiENUucnbevjvy/xaXYr5YEhSRbp6etY="},"senderSigningKey":{"public":"BX1CBKQeSiJrgMKlC1GiUucsJN0jQFxaVG38LLosqTg2"},"senderMessageKeys":[]},{"senderKeyId":1817967528,"senderChainKey":{"iteration":268,"seed":"6Zc7eFOn6Tq17mBAXSfj1xqdUuICIIHX4Px/2zoq97Q="},"senderSigningKey":{"public":"BX1CBKQeSiJrgMKlC1GiUucsJN0jQFxaVG38LLosqTg2"},"senderMessageKeys":[]},{"senderKeyId":1817967528,"senderChainKey":{"iteration":269,"seed":"TnskA60Iv5oDfr0v8qn7MfIMcZ7wSvIGq3S0z4+mR3Y="},"senderSigningKey":{"public":"BX1CBKQeSiJrgMKlC1GiUucsJN0jQFxaVG38LLosqTg2"},"senderMessageKeys":[]},{"senderKeyId":1817967528,"senderChainKey":{"iteration":270,"seed":"xl9nc+eiyoEF5CoVLGgNFxI9QgGb2uVK3lHgyJP/dh4="},"senderSigningKey":{"public":"BX1CBKQeSiJrgMKlC1GiUucsJN0jQFxaVG38LLosqTg2"},"senderMessageKeys":[]},{"senderKeyId":1817967528,"senderChainKey":{"iteration":271,"seed":"5JVZ3ttBCACfX8Zd61PBmC9F69MafyeAkYUW4Vriz3c="},"senderSigningKey":{"public":"BX1CBKQeSiJrgMKlC1GiUucsJN0jQFxaVG38LLosqTg2"},"senderMessageKeys":[]},{"senderKeyId":1817967528,"senderChainKey":{"iteration":272,"seed":"0BAFAlQPnNDSs+6i9WGbVintStZfziMOB/7Wk+/tj/I="},"senderSigningKey":{"public":"BX1CBKQeSiJrgMKlC1GiUucsJN0jQFxaVG38LLosqTg2"},"senderMessageKeys":[]},{"senderKeyId":1817967528,"senderChainKey":{"iteration":273,"seed":"Q5vV0sGejiGjNh+NM/kuu4EPR+IhruWFUEJtn5/Wq9s="},"senderSigningKey":{"public":"BX1CBKQeSiJrgMKlC1GiUucsJN0jQFxaVG38LLosqTg2"},"senderMessageKeys":[]},{"senderKeyId":1817967528,"senderChainKey":{"iteration":274,"seed":"oRdogcpAO6XQfeVhqVgFGvkNete4WF/h9stOcbW00DU="},"senderSigningKey":{"public":"BX1CBKQeSiJrgMKlC1GiUucsJN0jQFxaVG38LLosqTg2"},"senderMessageKeys":[]},{"senderKeyId":1817967528,"senderChainKey":{"iteration":275,"seed":"5zVpFVCOC+SI38N8ih1b0TckCxqDv7vumTgdZhAHDWE="},"senderSigningKey":{"public":"BX1CBKQeSiJrgMKlC1GiUucsJN0jQFxaVG38LLosqTg2"},"senderMessageKeys":[]},{"senderKeyId":1817967528,"senderChainKey":{"iteration":276,"seed":"UYxTukqdyG0tNUeOV7yjcDCJpPnZNjgUnWjvRF6e7TQ="},"senderSigningKey":{"public":"BX1CBKQeSiJrgMKlC1GiUucsJN0jQFxaVG38LLosqTg2"},"senderMessageKeys":[]},{"senderKeyId":1817967528,"senderChainKey":{"iteration":277,"seed":"Gzw2/W84nPOLRHXKvvxhL8MxIl21mVaE0WfXG93+kqg="},"senderSigningKey":{"public":"BX1CBKQeSiJrgMKlC1GiUucsJN0jQFxaVG38LLosqTg2"},"senderMessageKeys":[]},{"senderKeyId":1817967528,"senderChainKey":{"iteration":278,"seed":"Y+NOUgIJqUp1ZT1n9kfF127uDTDCAm8TMZIu7lMjYOY="},"senderSigningKey":{"public":"BX1CBKQeSiJrgMKlC1GiUucsJN0jQFxaVG38LLosqTg2"},"senderMessageKeys":[]},{"senderKeyId":1817967528,"senderChainKey":{"iteration":279,"seed":"X/ZsInGfziKB82t5PnQAunIw6JE3EacbovhpwMVi7uQ="},"senderSigningKey":{"public":"BX1CBKQeSiJrgMKlC1GiUucsJN0jQFxaVG38LLosqTg2"},"senderMessageKeys":[]},{"senderKeyId":1817967528,"senderChainKey":{"iteration":280,"seed":"J9qUwFETcm/5mJMKnfxJBNN85GHDweM6BsZKDi5zwYo="},"senderSigningKey":{"public":"BX1CBKQeSiJrgMKlC1GiUucsJN0jQFxaVG38LLosqTg2"},"senderMessageKeys":[]},{"senderKeyId":1817967528,"senderChainKey":{"iteration":281,"seed":"0nNEEgw5Oc7Yeszn2+ow2tutsXcDsobA/VEjBRHZqeU="},"senderSigningKey":{"public":"BX1CBKQeSiJrgMKlC1GiUucsJN0jQFxaVG38LLosqTg2"},"senderMessageKeys":[]},{"senderKeyId":1817967528,"senderChainKey":{"iteration":282,"seed":"lJ7yY752itfX67EEe/5aVNJk1W8ys+T+S+dm6oY+fHU="},"senderSigningKey":{"public":"BX1CBKQeSiJrgMKlC1GiUucsJN0jQFxaVG38LLosqTg2"},"senderMessageKeys":[]},{"senderKeyId":1817967528,"senderChainKey":{"iteration":283,"seed":"8K66TezvczWYXnBCUSzuGMue8LMa5SfFuQ0drx9G9f8="},"senderSigningKey":{"public":"BX1CBKQeSiJrgMKlC1GiUucsJN0jQFxaVG38LLosqTg2"},"senderMessageKeys":[]},{"senderKeyId":1817967528,"senderChainKey":{"iteration":284,"seed":"Lfx2gD61x8nBSZ7tmTRo00ip1Op37Vfow0elwWAkoeY="},"senderSigningKey":{"public":"BX1CBKQeSiJrgMKlC1GiUucsJN0jQFxaVG38LLosqTg2"},"senderMessageKeys":[]},{"senderKeyId":1817967528,"senderChainKey":{"iteration":285,"seed":"FtDliZ2uTN5loh285vy5a3pz4723M4U5x+xQFBdWppU="},"senderSigningKey":{"public":"BX1CBKQeSiJrgMKlC1GiUucsJN0jQFxaVG38LLosqTg2"},"senderMessageKeys":[]},{"senderKeyId":1817967528,"senderChainKey":{"iteration":286,"seed":"OJtfYPvnOxSZ56WQzmf5yA8y0WMQiX3ijdxZYH09HX0="},"senderSigningKey":{"public":"BX1CBKQeSiJrgMKlC1GiUucsJN0jQFxaVG38LLosqTg2"},"senderMessageKeys":[]},{"senderKeyId":1817967528,"senderChainKey":{"iteration":290,"seed":"nPF2UQcw66npiiVqnks3mKGciGfxxvn8TaLJo4Mn0mg="},"senderSigningKey":{"public":"BX1CBKQeSiJrgMKlC1GiUucsJN0jQFxaVG38LLosqTg2"},"senderMessageKeys":[]}]