[{"senderKeyId":215612130,"senderChainKey":{"iteration":1,"seed":"28YXlK7fvZ/eIB9iJEWXo7NFc+aJOR4AfXwEGxWbqhY="},"senderSigningKey":{"public":"BXcFlteiOMLdCyC4qzsRshRNa6lAulTXCaW2bptmEB4y"},"senderMessageKeys":[]},{"senderKeyId":381093040,"senderChainKey":{"iteration":0,"seed":"GVRaaiDxsjVg2U7TaUKPDVSn5rK1BVbbel9f2G9WQMU="},"senderSigningKey":{"public":"BeQMWvPbAQxDwDZmm+R9CI2uU1wNxnDjHXzonoQ03mQI"},"senderMessageKeys":[]},{"senderKeyId":381093040,"senderChainKey":{"iteration":0,"seed":"GVRaaiDxsjVg2U7TaUKPDVSn5rK1BVbbel9f2G9WQMU="},"senderSigningKey":{"public":"BeQMWvPbAQxDwDZmm+R9CI2uU1wNxnDjHXzonoQ03mQI"}}]