[{"senderKeyId":1153440687,"senderChainKey":{"iteration":2,"seed":"x5aXnrSia8mCKlwr6piSIJsnlqIO7O5bHdUTBnpnyow="},"senderSigningKey":{"public":"BVHa5KhUaJKfosPjrAU942YsCDh2wHndXoc6wJ57KdZy"},"senderMessageKeys":[]},{"senderKeyId":1319317579,"senderChainKey":{"iteration":2,"seed":"DFi9Is5MgTVIsFUb1ywh+lMPqmtS12th54pQMy9EqOI="},"senderSigningKey":{"public":"BfGcrIn187Q93SXgWuXVxvGR1GGSuvIGKLXERsUKtupE"},"senderMessageKeys":[]},{"senderKeyId":1319317579,"senderChainKey":{"iteration":1,"seed":"G0nOiFcGlXvUWuSohFFWCwvxpMRUajrXczgc+hpMIRE="},"senderSigningKey":{"public":"BfGcrIn187Q93SXgWuXVxvGR1GGSuvIGKLXERsUKtupE"},"senderMessageKeys":[]},{"senderKeyId":338927416,"senderChainKey":{"iteration":1,"seed":"qeJOzdF6u/4WpgoHmLseC1oKDJSMYzggKWAnIA0pkOs="},"senderSigningKey":{"public":"BXf8FPV0C6H49MRB3+UuoJGzmPlxY6HLWIanUkUM3z5W"},"senderMessageKeys":[]},{"senderKeyId":2108203428,"senderChainKey":{"iteration":1,"seed":"8DTI6WIL0unbQip4mFA2jJUqzM2kPihRbJM9Lxnj9Kc="},"senderSigningKey":{"public":"BRZT5B8Mw31N9Yo9U2gECXA3yFiZhTjw1tZCjMNyYzlJ"},"senderMessageKeys":[]}]