[{"senderKeyId":1522773403,"senderChainKey":{"iteration":21,"seed":"Hx2qY2/Fl1sF+GEIRlW5ky90C/u6oS9W8ca57bNFeq4="},"senderSigningKey":{"public":"BeOKAIwdsTtftSH/dOfacTopY4/aH1M7tRoYgKfGYbJE"},"senderMessageKeys":[]},{"senderKeyId":1522773403,"senderChainKey":{"iteration":13,"seed":"MExah7V/3/t6/GjUhpGuVYQDiOp2UKqV8D1fTQlr8m0="},"senderSigningKey":{"public":"BeOKAIwdsTtftSH/dOfacTopY4/aH1M7tRoYgKfGYbJE"},"senderMessageKeys":[]},{"senderKeyId":1522773403,"senderChainKey":{"iteration":14,"seed":"GTsw44wwfFDm6hiFZo5KrwcX3rbYMtbeovLs00QETkk="},"senderSigningKey":{"public":"BeOKAIwdsTtftSH/dOfacTopY4/aH1M7tRoYgKfGYbJE"},"senderMessageKeys":[]}]