[{"senderKeyId":1569615880,"senderChainKey":{"iteration":18,"seed":"DHoWQHd2fZU/pkpi1dgsN+rT7JdIaqFF/qqDbUgmfj4="},"senderSigningKey":{"public":"BfsXukQsOe35tI4V9gxsvbnHArwa66+1NK/jVt41ZzlL"},"senderMessageKeys":[]},{"senderKeyId":1569615880,"senderChainKey":{"iteration":7,"seed":"/mBjb71sst791KDSXg8t/yF6eS6SoIPTieK2KIZwVfw="},"senderSigningKey":{"public":"BfsXukQsOe35tI4V9gxsvbnHArwa66+1NK/jVt41ZzlL"},"senderMessageKeys":[]},{"senderKeyId":1569615880,"senderChainKey":{"iteration":8,"seed":"XI1klq3D16RoUBht+ETwx6juUp6/FtQBE53eWBfVQt0="},"senderSigningKey":{"public":"BfsXukQsOe35tI4V9gxsvbnHArwa66+1NK/jVt41ZzlL"},"senderMessageKeys":[]}]