[{"senderKeyId":21878481,"senderChainKey":{"iteration":1,"seed":"Kl9/bdg3rgpV0zWCWiDLpK3mx2+8f8zSp4LxXsh3MIM="},"senderSigningKey":{"public":"BSem+oL0yVwzFx74jKEFr/ZwWuoTU2M4CfJqDqQCRvhW"},"senderMessageKeys":[]},{"senderKeyId":1236026261,"senderChainKey":{"iteration":5,"seed":"ip7ZnPzpG09gSrt9Zo2bUA76XRnpoFwjsRCfT2VGvuw="},"senderSigningKey":{"public":"BcYVCuB67OzRYeDtyHtLOtr8wW/schbiyvsrg88+2Pkw"},"senderMessageKeys":[]},{"senderKeyId":1236026261,"senderChainKey":{"iteration":1,"seed":"rP+fy4+nrk/4aqbtatmABfjrJBmJtvQvHk/onwDdU+Y="},"senderSigningKey":{"public":"BcYVCuB67OzRYeDtyHtLOtr8wW/schbiyvsrg88+2Pkw"},"senderMessageKeys":[]},{"senderKeyId":1236026261,"senderChainKey":{"iteration":2,"seed":"cvMxB+9RHoKfS40LonfKQzpGgRgmDCWbNUeMuXfMOyc="},"senderSigningKey":{"public":"BcYVCuB67OzRYeDtyHtLOtr8wW/schbiyvsrg88+2Pkw"},"senderMessageKeys":[]},{"senderKeyId":785963653,"senderChainKey":{"iteration":2,"seed":"QZ+Ie5Gq2sLU5NDjaMu9SR626PDzy11yprtpanf7a6c="},"senderSigningKey":{"public":"Bdifq0tGrLtyrF6gAD7y/9kkPVAP0ZYyv7rlLKpJ3nJ5"},"senderMessageKeys":[]},{"senderKeyId":1104931638,"senderChainKey":{"iteration":2,"seed":"pdITvSZ2k1JTN/wgd4wVa2wYIBATMEVuf9YyBRF2S/8="},"senderSigningKey":{"public":"BYWh9C61CqQKwnxdeaage0nLWrXtZAQyiNR8YGttUiMJ"},"senderMessageKeys":[]}]