[{"senderKeyId":1223584156,"senderChainKey":{"iteration":2,"seed":"RS0Lh5f8DAod46UqjcVHHyZqYEOns7LutY1acOvDryw="},"senderSigningKey":{"public":"BTn/vbUdMQ4l/j/mc5RWLQBCFyiYS28GBHNmZY+ckIsN"},"senderMessageKeys":[]},{"senderKeyId":472231173,"senderChainKey":{"iteration":2,"seed":"O3B/ogxIgUynNMPfg24EbORXWTJhfk5zGntliYJJQvs="},"senderSigningKey":{"public":"BYNZD2xHN3neDUH0/fcSpXcK4iIRNC6MQUE3FJUukksc"},"senderMessageKeys":[]},{"senderKeyId":1690857921,"senderChainKey":{"iteration":16,"seed":"XpawgwAz6Z7hffXGpn57qbnkntVbSNAfI0oYqJEFM0g="},"senderSigningKey":{"public":"BWsv7Nx7S+frRJjEpZLv1mMGQQW9oZTJCH5Ir9Qruika"},"senderMessageKeys":[]},{"senderKeyId":1690857921,"senderChainKey":{"iteration":9,"seed":"lLNMQ07L30UUNlymQ/T8yVQnHPNu5HLirICl2prWfYQ="},"senderSigningKey":{"public":"BWsv7Nx7S+frRJjEpZLv1mMGQQW9oZTJCH5Ir9Qruika"},"senderMessageKeys":[]},{"senderKeyId":483539324,"senderChainKey":{"iteration":1,"seed":"b/6tQm5poPt+fVuiRpqRGAr6odC8IhWqwHdGIVP8TO8="},"senderSigningKey":{"public":"BZE+ljtsw2/BUGzB/jyI7f38Kl9qEDgBUQL3Kd+df0Ni"},"senderMessageKeys":[]},{"senderKeyId":862621055,"senderChainKey":{"iteration":4,"seed":"cEkRZphMIXWeMNd89zdfsoq4c2t5PrykGTjQwC1WJHc="},"senderSigningKey":{"public":"BcSfVnTgzof5DxLs36hGHj+cTBDZ9AjO5F+lkRHAUMF5"},"senderMessageKeys":[]},{"senderKeyId":182372082,"senderChainKey":{"iteration":6,"seed":"gEY6iXQfJCMLR5brqwIjKkpMuWhVBLimuVGWrNNfNjg="},"senderSigningKey":{"public":"BfGXCtmei0MgUErRIiUz2BNI5eALyclsbEsC4jwlPJI9"},"senderMessageKeys":[]},{"senderKeyId":1495596400,"senderChainKey":{"iteration":2,"seed":"uwSd039WyzTg6ZykgAfwp1mHyseIflrl3UiBIypTuGA="},"senderSigningKey":{"public":"BUgq7bemOn5ERkMrKw4VsPuvSSHnt7R9lws0srOK4ngG"},"senderMessageKeys":[]},{"senderKeyId":1157861775,"senderChainKey":{"iteration":3,"seed":"cetULGrqXeNYuMqLEvs29dWCRO37YjoPy9ecXrpPgFU="},"senderSigningKey":{"public":"Bf7Z3lBEbCwkQeTP8Xr9V5EKOxrV+5QHRMqrD0S+2vhL"},"senderMessageKeys":[]},{"senderKeyId":453642916,"senderChainKey":{"iteration":3,"seed":"TFw+uf83DeW3ya78NMCuqo67y93T28xVUc40Kdxuc+I="},"senderSigningKey":{"public":"BU5hFMQEpkhTV3qLbQ+alV558Ni2TVsYB1semCjzVgIp"},"senderMessageKeys":[]}]