[{"senderKeyId":1970945509,"senderChainKey":{"iteration":2,"seed":"KP9JEZxv3xAauzcnCBVuJqb4DetMDqkm2QCQU67AJUo="},"senderSigningKey":{"public":"BSGhEGALQtgffgxXbj61rbWq0XXbIlA4arptmGe7YE8L"},"senderMessageKeys":[]},{"senderKeyId":403319381,"senderChainKey":{"iteration":1,"seed":"6GrUzOU5pdKQ65XlUl/O1epU+jMTAWH31j72k9RZKcc="},"senderSigningKey":{"public":"Bcn6XJrs633rxv4w1hl7vT4RMmXsyQrqoGXiZ7YUbJ4J"},"senderMessageKeys":[]},{"senderKeyId":1358517736,"senderChainKey":{"iteration":4,"seed":"Q1Md5cIsTwzoN5QBJXtjpgBzksTn3J965n89ZjLXsjM="},"senderSigningKey":{"public":"BY8WkKgevxMjef+iKErIrASUwBS4gDP+NzrhF2TYEWI1"},"senderMessageKeys":[]},{"senderKeyId":393477240,"senderChainKey":{"iteration":2,"seed":"brRzyODzkAp4vYt3L4nn4doQmXxSyXMU1RGK730Jm68="},"senderSigningKey":{"public":"BSJcC+lrbDKfguS2riqUhrSNkBxWsKpUb+Y0pqBz4PdD"},"senderMessageKeys":[]},{"senderKeyId":1982208256,"senderChainKey":{"iteration":1,"seed":"XIQimmGDO7InIm8DqAb82KI+F2VPnM/aw1uAiEaWyyk="},"senderSigningKey":{"public":"BWBzEX+jM82qXcwOvy9lU0VGorGSxPCfP3YGlng6OcxR"},"senderMessageKeys":[]},{"senderKeyId":1022243650,"senderChainKey":{"iteration":1,"seed":"kB6caeMBQRHxIrcWj8ayN4xkrDDDMISw/aKB0YmCjSY="},"senderSigningKey":{"public":"BV0lG+9Xv/3Fai7BQrWA2+2N7p3b1FCgYHGBqAmlSpth"},"senderMessageKeys":[]},{"senderKeyId":1952227693,"senderChainKey":{"iteration":2,"seed":"D6E8OkIUCoIdzPB3qdzht1KjoY/oI2YNRA9/oY2Q94A="},"senderSigningKey":{"public":"BSgI7qZkYMvxjtmddK1YtNYxBLZmZYi2ABAB2lHXxF4t"},"senderMessageKeys":[]},{"senderKeyId":1924882667,"senderChainKey":{"iteration":1,"seed":"ukYcCevwgVd0LIBst+OGEjn8i9ez3uYkjH+kJ09E0So="},"senderSigningKey":{"public":"BSlLJDF/KmUEBN7CIowuR4PXpvef4UUCp9S9dXTQcyN1"},"senderMessageKeys":[]}]