[{"senderKeyId":1535188474,"senderChainKey":{"iteration":1,"seed":"HiEUUatjWhJWNuQF306V3M683qdbUwkKWN1CbwuolcU="},"senderSigningKey":{"public":"BeSFMsprsT1o+O7zSe0SndKSSiLaT7kyxCJt7ZkdllUi"},"senderMessageKeys":[]},{"senderKeyId":1463661048,"senderChainKey":{"iteration":3,"seed":"4egtiW0rIUTzYp2rUy6sCSyXjzho7g11OJecg1wbS70="},"senderSigningKey":{"public":"BVAm7wxl4rOS8AMYril+wcRWpWWr6zjK0MZvAqI+kZhX"},"senderMessageKeys":[]},{"senderKeyId":953279287,"senderChainKey":{"iteration":0,"seed":"KIwN0DUg+OXHAdmADPWwcqeT+lqKf0M5iDqF3HzjV2M="},"senderSigningKey":{"public":"BT2YrdVCNNq4IpVlckGCZg7lMyxm8KI3Lz5E8broENo0"}}]