[{"senderKeyId":332049071,"senderChainKey":{"iteration":2,"seed":"x9wjsk2hX2LxLNl4t95+laQLJGYdujOOPNERcf4D71g="},"senderSigningKey":{"public":"BeLvn7u/UeT2iJdkSYB7LPBCyj3yAzfZ7IZnJOdAtsov"},"senderMessageKeys":[]},{"senderKeyId":261622037,"senderChainKey":{"iteration":2,"seed":"sXh0+oUCFB8uZBm+Zg1BsKhisTseWlZKo7qrOuB45xY="},"senderSigningKey":{"public":"BdAQzbv5d5s5cHx8uykZppe+dYU9YZbRSW9rbFxKRg0C"},"senderMessageKeys":[]},{"senderKeyId":895571557,"senderChainKey":{"iteration":3,"seed":"Ni1SizhSckWaLOhrvK52E1HkU50oxn5b6cD3gHqZssM="},"senderSigningKey":{"public":"Be3M9O6jUII0OgUieXZA6v/udZIO07zWujX5WL/P0lgL"},"senderMessageKeys":[]},{"senderKeyId":1941729914,"senderChainKey":{"iteration":4,"seed":"SBCfT8hHaa2E8pi095InkYnIrUrpC2fWXn+sO5HBzRY="},"senderSigningKey":{"public":"BYHHJHrCTtbEKta7krmcHWLtGxs2+3omGWvJ4NoBO0sZ"},"senderMessageKeys":[]},{"senderKeyId":1220128589,"senderChainKey":{"iteration":0,"seed":"T0VwLT/gnhQKHB61ue9rE7GZWANyxGSevu/ZcezSatE="},"senderSigningKey":{"public":"BY8++79XCOuF8eSNGwHR2lmxnxY6VH9Cm96d+4OqZKgQ"}}]