[{"senderKeyId":1958588449,"senderChainKey":{"iteration":31,"seed":"6AHWKZLIFHgB2Csv7EJl1WYaT0+BL4y8yurpEv++IHo="},"senderSigningKey":{"public":"BdE+RNIxX973GzanpqsC1pGEwudE10n54r/XNuIk5usV"},"senderMessageKeys":[{},{},{}]},{"senderKeyId":1958588449,"senderChainKey":{"iteration":1,"seed":"C6qM5cshMrkXwSSr/Wl881BTck703fHuQ8MQTU4zqBk="},"senderSigningKey":{"public":"BdE+RNIxX973GzanpqsC1pGEwudE10n54r/XNuIk5usV"},"senderMessageKeys":[]},{"senderKeyId":1958588449,"senderChainKey":{"iteration":5,"seed":"8fqiLOV5x9O3KaJNQ/vVby8jLWddnOxzJlXS/0QaNkg="},"senderSigningKey":{"public":"BdE+RNIxX973GzanpqsC1pGEwudE10n54r/XNuIk5usV"},"senderMessageKeys":[]},{"senderKeyId":1958588449,"senderChainKey":{"iteration":6,"seed":"O702Ij5yhpVYMg7KHs3vh4wAIqsNk9uq7KB6PZrkyek="},"senderSigningKey":{"public":"BdE+RNIxX973GzanpqsC1pGEwudE10n54r/XNuIk5usV"},"senderMessageKeys":[]},{"senderKeyId":1958588449,"senderChainKey":{"iteration":7,"seed":"CY5OrqyHHOelk7eUW/EqTP72e7/O2345fQWtHhJGJoo="},"senderSigningKey":{"public":"BdE+RNIxX973GzanpqsC1pGEwudE10n54r/XNuIk5usV"},"senderMessageKeys":[]},{"senderKeyId":1958588449,"senderChainKey":{"iteration":8,"seed":"jm7SdroMnAtyzcnFF5t1+AKuw5E7fWQC4PS0Sc9SbP0="},"senderSigningKey":{"public":"BdE+RNIxX973GzanpqsC1pGEwudE10n54r/XNuIk5usV"},"senderMessageKeys":[]},{"senderKeyId":1958588449,"senderChainKey":{"iteration":9,"seed":"x3yzFrZ/7FKxa5pslnmOkMzQd+a0qMgtnst3wIoFWpE="},"senderSigningKey":{"public":"BdE+RNIxX973GzanpqsC1pGEwudE10n54r/XNuIk5usV"},"senderMessageKeys":[]},{"senderKeyId":1958588449,"senderChainKey":{"iteration":10,"seed":"ZhtkNGemKXeNMDPg5+RTQMgqAQn6ch+3zVWR8IG5qNU="},"senderSigningKey":{"public":"BdE+RNIxX973GzanpqsC1pGEwudE10n54r/XNuIk5usV"},"senderMessageKeys":[]},{"senderKeyId":1958588449,"senderChainKey":{"iteration":11,"seed":"cdoVW6Fu32P2boutTmYW+/7pwyFD/ur9r3DrUnjb0yw="},"senderSigningKey":{"public":"BdE+RNIxX973GzanpqsC1pGEwudE10n54r/XNuIk5usV"},"senderMessageKeys":[]},{"senderKeyId":1958588449,"senderChainKey":{"iteration":12,"seed":"Klym2OzwZrcWiXbg5+Y2rrwxL/EYBD1SI2rKCbzD4Js="},"senderSigningKey":{"public":"BdE+RNIxX973GzanpqsC1pGEwudE10n54r/XNuIk5usV"},"senderMessageKeys":[]},{"senderKeyId":1958588449,"senderChainKey":{"iteration":13,"seed":"TzTxPmhMqZsnT9l+Hl+9p1dvtqCK8bA2IGLKz0zB2OU="},"senderSigningKey":{"public":"BdE+RNIxX973GzanpqsC1pGEwudE10n54r/XNuIk5usV"},"senderMessageKeys":[]},{"senderKeyId":1958588449,"senderChainKey":{"iteration":14,"seed":"Tfsli2yH+Z8X/9ApHWyVJgp3xh1yVU0uJgK7Rm83/Sw="},"senderSigningKey":{"public":"BdE+RNIxX973GzanpqsC1pGEwudE10n54r/XNuIk5usV"},"senderMessageKeys":[]},{"senderKeyId":1958588449,"senderChainKey":{"iteration":15,"seed":"Hrkq4yrU5KytREgMYOTv11gGn2d0sIPDClxveBC95oU="},"senderSigningKey":{"public":"BdE+RNIxX973GzanpqsC1pGEwudE10n54r/XNuIk5usV"},"senderMessageKeys":[]},{"senderKeyId":1958588449,"senderChainKey":{"iteration":16,"seed":"O+Ipbi3rarnctYMhFhdWuutEJDJyQ8X6pvGeZ+ABiak="},"senderSigningKey":{"public":"BdE+RNIxX973GzanpqsC1pGEwudE10n54r/XNuIk5usV"},"senderMessageKeys":[]},{"senderKeyId":1958588449,"senderChainKey":{"iteration":17,"seed":"+vtS2iiR33B70+gIvgHlJI5hpI9Q9MGpAOJTXyJ/JGs="},"senderSigningKey":{"public":"BdE+RNIxX973GzanpqsC1pGEwudE10n54r/XNuIk5usV"},"senderMessageKeys":[]},{"senderKeyId":1958588449,"senderChainKey":{"iteration":18,"seed":"8DEU+Q2+r7qErlb91ZdXEukrSOQR17TjGVZMmhojOdE="},"senderSigningKey":{"public":"BdE+RNIxX973GzanpqsC1pGEwudE10n54r/XNuIk5usV"},"senderMessageKeys":[]},{"senderKeyId":1958588449,"senderChainKey":{"iteration":19,"seed":"pYe7jdDhyAyRSZ5+iqU0tpn6oBiVBy9J44aYexLM5Rk="},"senderSigningKey":{"public":"BdE+RNIxX973GzanpqsC1pGEwudE10n54r/XNuIk5usV"},"senderMessageKeys":[]},{"senderKeyId":1958588449,"senderChainKey":{"iteration":20,"seed":"xkdJtD6ctSKag4gyhgQyYXY0fVWrVzGrj4Gb92mj5Lc="},"senderSigningKey":{"public":"BdE+RNIxX973GzanpqsC1pGEwudE10n54r/XNuIk5usV"},"senderMessageKeys":[]},{"senderKeyId":1958588449,"senderChainKey":{"iteration":21,"seed":"TzRD8xcKrRsLHZv8VGd3Hun21CpiPRuTZ6Pescq2EmU="},"senderSigningKey":{"public":"BdE+RNIxX973GzanpqsC1pGEwudE10n54r/XNuIk5usV"},"senderMessageKeys":[]},{"senderKeyId":1958588449,"senderChainKey":{"iteration":22,"seed":"JPr/eBVYRGHDr62YnqT9XV3wZycKOVCT7Q4fn6uI9Qg="},"senderSigningKey":{"public":"BdE+RNIxX973GzanpqsC1pGEwudE10n54r/XNuIk5usV"},"senderMessageKeys":[]},{"senderKeyId":1958588449,"senderChainKey":{"iteration":23,"seed":"gqXzN6rvAXDjUdva+v9YCp5+kSLlxXOpzqVTzdblClI="},"senderSigningKey":{"public":"BdE+RNIxX973GzanpqsC1pGEwudE10n54r/XNuIk5usV"},"senderMessageKeys":[]},{"senderKeyId":1958588449,"senderChainKey":{"iteration":24,"seed":"r+chVq1A0sNrdMt2syx+PBowHaTtx96XR3Jpjvn80UA="},"senderSigningKey":{"public":"BdE+RNIxX973GzanpqsC1pGEwudE10n54r/XNuIk5usV"},"senderMessageKeys":[]},{"senderKeyId":1958588449,"senderChainKey":{"iteration":25,"seed":"Uhei5I7rkMQDrjY4oyQnZ4zUPSUaXXNT4K3fDYhTpro="},"senderSigningKey":{"public":"BdE+RNIxX973GzanpqsC1pGEwudE10n54r/XNuIk5usV"},"senderMessageKeys":[]},{"senderKeyId":1958588449,"senderChainKey":{"iteration":26,"seed":"0xRY89/ShB1sO82rNWvltOajekmUXK9SVLXxnVsGFTE="},"senderSigningKey":{"public":"BdE+RNIxX973GzanpqsC1pGEwudE10n54r/XNuIk5usV"},"senderMessageKeys":[]},{"senderKeyId":1958588449,"senderChainKey":{"iteration":27,"seed":"zA/etazQi3u7F78hygi9/LJiKXNlCeNavbY70utcOdQ="},"senderSigningKey":{"public":"BdE+RNIxX973GzanpqsC1pGEwudE10n54r/XNuIk5usV"},"senderMessageKeys":[]},{"senderKeyId":1958588449,"senderChainKey":{"iteration":28,"seed":"fPOPKUgrDJh3o5f5e46VP/KFpPZDp54CBlhhAG1tVLM="},"senderSigningKey":{"public":"BdE+RNIxX973GzanpqsC1pGEwudE10n54r/XNuIk5usV"},"senderMessageKeys":[]},{"senderKeyId":1958588449,"senderChainKey":{"iteration":29,"seed":"cql36y8haVQDWgRLWLzw6Tic6ZeTQRrXx47HU8JwL6I="},"senderSigningKey":{"public":"BdE+RNIxX973GzanpqsC1pGEwudE10n54r/XNuIk5usV"},"senderMessageKeys":[]},{"senderKeyId":1958588449,"senderChainKey":{"iteration":30,"seed":"lxoPc8c9CzNFTP0ZmdCav5md0lTPKEaJ+4nCQ7Dh7fs="},"senderSigningKey":{"public":"BdE+RNIxX973GzanpqsC1pGEwudE10n54r/XNuIk5usV"},"senderMessageKeys":[]}]