[{"senderKeyId":990223609,"senderChainKey":{"iteration":1,"seed":"/TdDu67PPuBYZAJr+dIwvot2S11b9jEeGDsrE69DYgs="},"senderSigningKey":{"public":"BQUAEbo3+vKGN/6Qe6IyCyo+RtM3TKyqhfx9Qi7dFHA1"},"senderMessageKeys":[]},{"senderKeyId":81075098,"senderChainKey":{"iteration":1,"seed":"GGptaCA6u7oXnoDtdSRsKPy72SBG5RGeafuT80zsgdE="},"senderSigningKey":{"public":"BYIilNw7SvvX4QtBOJS7M1AidkN2KuwgSWu6Bv+T3Vo2"},"senderMessageKeys":[]},{"senderKeyId":840264509,"senderChainKey":{"iteration":1,"seed":"zjDYwJDfCFFGodMHkhuumLmbdhCTOXdcz2QQ20jLNHE="},"senderSigningKey":{"public":"Bd8Cf3J5xy2Gqg1ZRzdueFNZgBc++iT4RnS6bVu8DFAU"},"senderMessageKeys":[]}]