[{"senderKeyId":991852199,"senderChainKey":{"iteration":1,"seed":"I/Z/YMt1txgLc0ZGjeGqR2ws2pD1eX5T6dgh/4iL9vQ="},"senderSigningKey":{"public":"BQMXFoyHA9JkhpEmOhz1rFTDTLwLiS76J0v7LZRsI6du"},"senderMessageKeys":[]},{"senderKeyId":227091687,"senderChainKey":{"iteration":1,"seed":"8ZOBM0A/URdhISGcf3ipgqbWNO5pPPt02tZA4TtIMiI="},"senderSigningKey":{"public":"BWxcFIBBcOTC0AvLT+uMbTUyreT5W9iUJQnc84Vr+ZcH"},"senderMessageKeys":[]},{"senderKeyId":1621644351,"senderChainKey":{"iteration":3,"seed":"SF8ff7fgyNVVypqM1Flq0IRyALMK27CiBe29g59HITA="},"senderSigningKey":{"public":"BWaTAlZH+1iTaT+40Jv2eYq8S2C006mVbycv8TlhEm1i"},"senderMessageKeys":[]},{"senderKeyId":896820576,"senderChainKey":{"iteration":2,"seed":"k14LFGlAJiql11bVN1wL6EbLgHct1DUJbiQgZ6oxZh0="},"senderSigningKey":{"public":"Bf6vKVK/VoxlNnV3IM5B618hOTw5HaSKnf+1A4HboX9E"},"senderMessageKeys":[]},{"senderKeyId":1211354451,"senderChainKey":{"iteration":1,"seed":"TOgRVweFturB5dfocG7MPPpdt6KAA/rjLmq+FfSeaqI="},"senderSigningKey":{"public":"BUt9gIeYcIMQF68mm935NaEsIqWjQdWE7QrhSpYZJ1Uj"},"senderMessageKeys":[]},{"senderKeyId":1127589024,"senderChainKey":{"iteration":1,"seed":"z+XZVAn2e2qeWZFuNyhGMjkaxa0ZdFO6yRJINiKmiGk="},"senderSigningKey":{"public":"BQIBg1xMoCrYWvDA1whpEjK3hLJ6ghiiz84FoXuPyQNU"},"senderMessageKeys":[]},{"senderKeyId":1864879588,"senderChainKey":{"iteration":1,"seed":"nn3lrMXHpgiOUGKuRFVtPkD8K/PvoJGGWrP383i0i9Q="},"senderSigningKey":{"public":"BdELZmCNyo5jQBisT4gvFWTaiITuQBlAVpCFNoxdEYQe"},"senderMessageKeys":[]},{"senderKeyId":1615285521,"senderChainKey":{"iteration":1,"seed":"GIXoT34M0a9RMLb6ilzeZDEqUu63KJ9+23lZw4Ab//g="},"senderSigningKey":{"public":"Bb10OH2uSXUtxVp9O3IOk9q8joB4WsTPGEn8lBFrt2RV"},"senderMessageKeys":[]},{"senderKeyId":2037780001,"senderChainKey":{"iteration":3,"seed":"6rKh8Att+ax7YdX3z6Fgy0I8xp/5V1s7ld/2oGVtWRA="},"senderSigningKey":{"public":"BWgijdp/o/VM77Z+s9LpwR+m4fu5TKMuJ9wlESxlUjd6"},"senderMessageKeys":[]}]