[{"senderKeyId":669415606,"senderChainKey":{"iteration":2,"seed":"0gdntLGBzCoxRL9DQFXs8S/6Y8+Bm8gq62dsRQq4YOo="},"senderSigningKey":{"public":"BXZwNdH8rgGkWNsfAaHhbBYDueDdT+XTHYJI0YkHVkBz"},"senderMessageKeys":[]},{"senderKeyId":669415606,"senderChainKey":{"iteration":1,"seed":"ED/oIYxalbwYQHGYfqYe77iCeq50AkQstfrPy/RwiiI="},"senderSigningKey":{"public":"BXZwNdH8rgGkWNsfAaHhbBYDueDdT+XTHYJI0YkHVkBz"},"senderMessageKeys":[]},{"senderKeyId":588597421,"senderChainKey":{"iteration":3,"seed":"UBdt/O0o9XXKNMV9pTBlK0v+3PEOrteIiQ4OdHcJwNs="},"senderSigningKey":{"public":"BXHKveuevjNWq/mQ8lO1qUevdMyGjtOxWn/n+u7QPlVV"},"senderMessageKeys":[]},{"senderKeyId":472830658,"senderChainKey":{"iteration":2,"seed":"mJf78FH80aJXu8Mv8JAN1IM1h8HSvm3vuxT/mI03O9M="},"senderSigningKey":{"public":"BQjnyRlo3oo/MGcxXHZpZnnGapP+pwramwIaItLHARZd"},"senderMessageKeys":[]}]