[{"senderKeyId":1980236819,"senderChainKey":{"iteration":1,"seed":"6yZvsikl9V3PJZUKUUDGjLZEcj5mVHhNYuFWRypfojc="},"senderSigningKey":{"public":"BXW5Cdo7GhqBZDaIAiCbf0lXn35iVe9sC1+2F4jsGdt2"},"senderMessageKeys":[]},{"senderKeyId":2101089603,"senderChainKey":{"iteration":1,"seed":"jyCvwah3MbnQws1GrXYlp7h5u/v0KKvWN8MpDfbVk88="},"senderSigningKey":{"public":"BRUNzV3G4fiKA4oddEqyAWE38OYjZgtXhqNOUk5KvShE"},"senderMessageKeys":[]},{"senderKeyId":1544890733,"senderChainKey":{"iteration":5,"seed":"TsadBK0uvRZSsjI9E8MLygsG7XgM+cOUD81dUkaMjII="},"senderSigningKey":{"public":"BdHdb+6MSIO8vtZSbZyUzcVnurhOTmd+lF2Q84PiezR5"},"senderMessageKeys":[]},{"senderKeyId":2101906107,"senderChainKey":{"iteration":2,"seed":"vF6huO6qNHEG8oOuc+bvb2FwGBH8wjbTOMYxVneE8gU="},"senderSigningKey":{"public":"BczNMFab8NEFSGsph6yE52Xu+KzytiSWLe8UluOnXw4a"},"senderMessageKeys":[]},{"senderKeyId":1030151035,"senderChainKey":{"iteration":1,"seed":"0BvUqYd9iknDOugVzWfHK32EqZHmfCT6UVhP2JzOSTM="},"senderSigningKey":{"public":"BbhyrKCb/CXdOqRAC5eWL+9xxwFugx9TMegrlBXuSXRm"},"senderMessageKeys":[]}]