[{"senderKeyId":1416915188,"senderChainKey":{"iteration":272,"seed":"xa4mWzTsM1PnxzIZG3d8crUSz+NOZaLqUpB9zqU6PG8="},"senderSigningKey":{"public":"BTHQkZW1rIa4RiSw58I7tbYldc98R8xoikfvXcOfgZ0x"},"senderMessageKeys":[{},{},{},{},{},{},{},{},{},{}]},{"senderKeyId":1416915188,"senderChainKey":{"iteration":2,"seed":"vj+GCYPXuCFH0cc/RjcY7O/hRCNAP8fDYG1s64JMCEs="},"senderSigningKey":{"public":"BTHQkZW1rIa4RiSw58I7tbYldc98R8xoikfvXcOfgZ0x"},"senderMessageKeys":[]},{"senderKeyId":1416915188,"senderChainKey":{"iteration":3,"seed":"CFiuan/W9FO8bzlm+TggdKdVzOB/B2ZQr9MLSr91H6o="},"senderSigningKey":{"public":"BTHQkZW1rIa4RiSw58I7tbYldc98R8xoikfvXcOfgZ0x"},"senderMessageKeys":[]},{"senderKeyId":1416915188,"senderChainKey":{"iteration":4,"seed":"0s88cbWBFjKNcK+PtQkd8iXz4itMB1RtgKwmEHhXBaI="},"senderSigningKey":{"public":"BTHQkZW1rIa4RiSw58I7tbYldc98R8xoikfvXcOfgZ0x"},"senderMessageKeys":[]},{"senderKeyId":1416915188,"senderChainKey":{"iteration":5,"seed":"cpCqsDNqJ7Qd0pcJvoCxV643WsmtCm4n/0E9iWS1L7k="},"senderSigningKey":{"public":"BTHQkZW1rIa4RiSw58I7tbYldc98R8xoikfvXcOfgZ0x"},"senderMessageKeys":[]},{"senderKeyId":1416915188,"senderChainKey":{"iteration":6,"seed":"cVJmVNW164xQwN64VZpU7NQqNOa8x9VJBDC/sEdXt4M="},"senderSigningKey":{"public":"BTHQkZW1rIa4RiSw58I7tbYldc98R8xoikfvXcOfgZ0x"},"senderMessageKeys":[]},{"senderKeyId":1416915188,"senderChainKey":{"iteration":7,"seed":"UR/5vaPUNnyIuaMpzmIe2P4+9KvX/QLhbOOVKST6eo4="},"senderSigningKey":{"public":"BTHQkZW1rIa4RiSw58I7tbYldc98R8xoikfvXcOfgZ0x"},"senderMessageKeys":[]},{"senderKeyId":1416915188,"senderChainKey":{"iteration":8,"seed":"JiGcwq9sFwsBtiDuQWGiUI07pXt7VQrHpoYzIjv4RME="},"senderSigningKey":{"public":"BTHQkZW1rIa4RiSw58I7tbYldc98R8xoikfvXcOfgZ0x"},"senderMessageKeys":[]},{"senderKeyId":1416915188,"senderChainKey":{"iteration":9,"seed":"n++a/PkeoSyCCjFOKK8Idu5QQ2x3rx4MzOBlFf3QsLY="},"senderSigningKey":{"public":"BTHQkZW1rIa4RiSw58I7tbYldc98R8xoikfvXcOfgZ0x"},"senderMessageKeys":[]},{"senderKeyId":1416915188,"senderChainKey":{"iteration":10,"seed":"HCOP85VWDe04QYAKpRx4WOMhRElpinSaboQgtb+/xow="},"senderSigningKey":{"public":"BTHQkZW1rIa4RiSw58I7tbYldc98R8xoikfvXcOfgZ0x"},"senderMessageKeys":[]},{"senderKeyId":1416915188,"senderChainKey":{"iteration":11,"seed":"6mP6xtGN7moDclU3c7gnpgR7MwpXcS/lGEer+T0LxZc="},"senderSigningKey":{"public":"BTHQkZW1rIa4RiSw58I7tbYldc98R8xoikfvXcOfgZ0x"},"senderMessageKeys":[]},{"senderKeyId":1416915188,"senderChainKey":{"iteration":12,"seed":"LIgueJkXd4/NeAATCG7TgNwiPBI8YkC36G14YR+WTkw="},"senderSigningKey":{"public":"BTHQkZW1rIa4RiSw58I7tbYldc98R8xoikfvXcOfgZ0x"},"senderMessageKeys":[]},{"senderKeyId":1416915188,"senderChainKey":{"iteration":13,"seed":"gQb+d9G1VvJCDKCOJQ/z9xo1xCXvimsKojJQn2xDxhQ="},"senderSigningKey":{"public":"BTHQkZW1rIa4RiSw58I7tbYldc98R8xoikfvXcOfgZ0x"},"senderMessageKeys":[]},{"senderKeyId":1416915188,"senderChainKey":{"iteration":14,"seed":"OX4wYm4mesaWnIsNnBX5yMK2O0MLjmxL4BilXkloKdw="},"senderSigningKey":{"public":"BTHQkZW1rIa4RiSw58I7tbYldc98R8xoikfvXcOfgZ0x"},"senderMessageKeys":[]},{"senderKeyId":1416915188,"senderChainKey":{"iteration":15,"seed":"R24C20wgZWqsAPmmRI/eneIArNBxHS6GSferdLDuTqU="},"senderSigningKey":{"public":"BTHQkZW1rIa4RiSw58I7tbYldc98R8xoikfvXcOfgZ0x"},"senderMessageKeys":[]},{"senderKeyId":1416915188,"senderChainKey":{"iteration":16,"seed":"VhjWSv7DiCQjCxCI+vIVnKz8NzDGpGE/ibOSdbLIQI4="},"senderSigningKey":{"public":"BTHQkZW1rIa4RiSw58I7tbYldc98R8xoikfvXcOfgZ0x"},"senderMessageKeys":[]},{"senderKeyId":1416915188,"senderChainKey":{"iteration":17,"seed":"y4fYylvotU73KLH/MhEZq3aoKlSl5KyBDSHdOW86NjM="},"senderSigningKey":{"public":"BTHQkZW1rIa4RiSw58I7tbYldc98R8xoikfvXcOfgZ0x"},"senderMessageKeys":[]},{"senderKeyId":1416915188,"senderChainKey":{"iteration":18,"seed":"a7MzzIZbU74OenhYH96c845GcyVACPgxPozg3fllf7I="},"senderSigningKey":{"public":"BTHQkZW1rIa4RiSw58I7tbYldc98R8xoikfvXcOfgZ0x"},"senderMessageKeys":[]},{"senderKeyId":1416915188,"senderChainKey":{"iteration":19,"seed":"tukQ8p4QrFxov+01BKpJN3AKNELvQhALES0OwHBAP9U="},"senderSigningKey":{"public":"BTHQkZW1rIa4RiSw58I7tbYldc98R8xoikfvXcOfgZ0x"},"senderMessageKeys":[]},{"senderKeyId":1416915188,"senderChainKey":{"iteration":20,"seed":"0B7H8tq5hzWyr0RijU+yDydyF1Ge54cQNT8s38vpWUw="},"senderSigningKey":{"public":"BTHQkZW1rIa4RiSw58I7tbYldc98R8xoikfvXcOfgZ0x"},"senderMessageKeys":[]},{"senderKeyId":1416915188,"senderChainKey":{"iteration":21,"seed":"FqYkJV+RaYAPYRnfT6ze/FyP+73i9O/EiQDAEbniEzs="},"senderSigningKey":{"public":"BTHQkZW1rIa4RiSw58I7tbYldc98R8xoikfvXcOfgZ0x"},"senderMessageKeys":[]},{"senderKeyId":1416915188,"senderChainKey":{"iteration":22,"seed":"aOkj/xxRo7nIaC7qsln4XYm1QRvt4dOOuk7YiTDalwY="},"senderSigningKey":{"public":"BTHQkZW1rIa4RiSw58I7tbYldc98R8xoikfvXcOfgZ0x"},"senderMessageKeys":[]},{"senderKeyId":1416915188,"senderChainKey":{"iteration":23,"seed":"ZUQcRYIq+zhzG4V34HwPnSSkFONRx3eJ+NA7YZ2+0K0="},"senderSigningKey":{"public":"BTHQkZW1rIa4RiSw58I7tbYldc98R8xoikfvXcOfgZ0x"},"senderMessageKeys":[]},{"senderKeyId":1416915188,"senderChainKey":{"iteration":24,"seed":"HmXZMQpJQZ9eyFj6Isjkd8n9w2fg17vGg6KXT6ih7yg="},"senderSigningKey":{"public":"BTHQkZW1rIa4RiSw58I7tbYldc98R8xoikfvXcOfgZ0x"},"senderMessageKeys":[]},{"senderKeyId":1416915188,"senderChainKey":{"iteration":25,"seed":"7jLNbinc5LkirY8bFZP3A8sNXZLZ55nJV2dlscrvDMo="},"senderSigningKey":{"public":"BTHQkZW1rIa4RiSw58I7tbYldc98R8xoikfvXcOfgZ0x"},"senderMessageKeys":[]},{"senderKeyId":1416915188,"senderChainKey":{"iteration":26,"seed":"7RkBzQEzizLnuExxAJzrorscpcvq4iQRZeKB+Drlp8s="},"senderSigningKey":{"public":"BTHQkZW1rIa4RiSw58I7tbYldc98R8xoikfvXcOfgZ0x"},"senderMessageKeys":[]},{"senderKeyId":1416915188,"senderChainKey":{"iteration":27,"seed":"81U9thSWJdez9slDiStB4IrBp+TQVnQYyy+hU7QWhZA="},"senderSigningKey":{"public":"BTHQkZW1rIa4RiSw58I7tbYldc98R8xoikfvXcOfgZ0x"},"senderMessageKeys":[]},{"senderKeyId":1416915188,"senderChainKey":{"iteration":28,"seed":"Nfop0ODYtMBwsVKZ0x1RimELS/YluRgr87YCCSrHMko="},"senderSigningKey":{"public":"BTHQkZW1rIa4RiSw58I7tbYldc98R8xoikfvXcOfgZ0x"},"senderMessageKeys":[]},{"senderKeyId":1416915188,"senderChainKey":{"iteration":29,"seed":"50aZQREL6c7EOMf1nUNXzfvGJhghyQwnn2SmgE/NjLg="},"senderSigningKey":{"public":"BTHQkZW1rIa4RiSw58I7tbYldc98R8xoikfvXcOfgZ0x"},"senderMessageKeys":[]},{"senderKeyId":1416915188,"senderChainKey":{"iteration":30,"seed":"AP5Ejz9jaKZ7RRnwsdWjK+G6kVYASWdwvcdMxiAnIAw="},"senderSigningKey":{"public":"BTHQkZW1rIa4RiSw58I7tbYldc98R8xoikfvXcOfgZ0x"},"senderMessageKeys":[]},{"senderKeyId":1416915188,"senderChainKey":{"iteration":31,"seed":"NaQ+TpCf/hsE5q+NlGh6r5GUofvbcbjPAuXEEQlR7+I="},"senderSigningKey":{"public":"BTHQkZW1rIa4RiSw58I7tbYldc98R8xoikfvXcOfgZ0x"},"senderMessageKeys":[]},{"senderKeyId":1416915188,"senderChainKey":{"iteration":32,"seed":"fFOAt0biLq7PGE0VkFwzJ4pOXxNUXCU1BWxqE6L9GLk="},"senderSigningKey":{"public":"BTHQkZW1rIa4RiSw58I7tbYldc98R8xoikfvXcOfgZ0x"},"senderMessageKeys":[]},{"senderKeyId":1416915188,"senderChainKey":{"iteration":33,"seed":"lSZ9WYiTz3KoXPcv7kMYAYFGQadm/tuIDHFlBcoCTb0="},"senderSigningKey":{"public":"BTHQkZW1rIa4RiSw58I7tbYldc98R8xoikfvXcOfgZ0x"},"senderMessageKeys":[]},{"senderKeyId":1416915188,"senderChainKey":{"iteration":34,"seed":"SkIjR7t10QRDc8VP4w3nF4pkQD19DVfrqlIb/Y5UZNE="},"senderSigningKey":{"public":"BTHQkZW1rIa4RiSw58I7tbYldc98R8xoikfvXcOfgZ0x"},"senderMessageKeys":[]},{"senderKeyId":1416915188,"senderChainKey":{"iteration":35,"seed":"2A5JEf1gad290VEBoeNJCevq06VaanSYsLd0FGWQsBU="},"senderSigningKey":{"public":"BTHQkZW1rIa4RiSw58I7tbYldc98R8xoikfvXcOfgZ0x"},"senderMessageKeys":[]},{"senderKeyId":1416915188,"senderChainKey":{"iteration":36,"seed":"F3v4wVOWi6xQJExKzq5nXZKJ8tIfOaTfVfwBnhjTeMg="},"senderSigningKey":{"public":"BTHQkZW1rIa4RiSw58I7tbYldc98R8xoikfvXcOfgZ0x"},"senderMessageKeys":[]},{"senderKeyId":1416915188,"senderChainKey":{"iteration":37,"seed":"a2nt+B0yiSKO8Cvv7kKbAAy2RQ4fWjf5EzVw8eUR+os="},"senderSigningKey":{"public":"BTHQkZW1rIa4RiSw58I7tbYldc98R8xoikfvXcOfgZ0x"},"senderMessageKeys":[]},{"senderKeyId":1416915188,"senderChainKey":{"iteration":38,"seed":"BUCOxvbZ2AZrL1YGnSjM1hfcplnlG3Rx5+CimH1QtPM="},"senderSigningKey":{"public":"BTHQkZW1rIa4RiSw58I7tbYldc98R8xoikfvXcOfgZ0x"},"senderMessageKeys":[]},{"senderKeyId":1416915188,"senderChainKey":{"iteration":39,"seed":"th6loXV3JNE02IMuwa8bkTOy3AhKzGK9NgAXsf2i6N4="},"senderSigningKey":{"public":"BTHQkZW1rIa4RiSw58I7tbYldc98R8xoikfvXcOfgZ0x"},"senderMessageKeys":[]},{"senderKeyId":1416915188,"senderChainKey":{"iteration":40,"seed":"hla0UckGwTL37ayhQIw/z6aDqa+AFIYBUDV/Xd5TyGY="},"senderSigningKey":{"public":"BTHQkZW1rIa4RiSw58I7tbYldc98R8xoikfvXcOfgZ0x"},"senderMessageKeys":[]},{"senderKeyId":1416915188,"senderChainKey":{"iteration":41,"seed":"qmIf06EI+tKK0OIi9Fo8J+1E6cT+NrNkZ2LFCH+FZRs="},"senderSigningKey":{"public":"BTHQkZW1rIa4RiSw58I7tbYldc98R8xoikfvXcOfgZ0x"},"senderMessageKeys":[]},{"senderKeyId":1416915188,"senderChainKey":{"iteration":42,"seed":"XNxdtEfCSWusGbby9MUetAtJLAG3rjK495XG4UmXQKE="},"senderSigningKey":{"public":"BTHQkZW1rIa4RiSw58I7tbYldc98R8xoikfvXcOfgZ0x"},"senderMessageKeys":[]},{"senderKeyId":1416915188,"senderChainKey":{"iteration":43,"seed":"feweJwFfQgJSnC0ngv4qpYRB6KRs3pjBZXBV4ALmPLc="},"senderSigningKey":{"public":"BTHQkZW1rIa4RiSw58I7tbYldc98R8xoikfvXcOfgZ0x"},"senderMessageKeys":[]},{"senderKeyId":1416915188,"senderChainKey":{"iteration":44,"seed":"0DEbyFXQd27r3B8MqCzlMNOYyCm/bAbtCKsNCjVThGI="},"senderSigningKey":{"public":"BTHQkZW1rIa4RiSw58I7tbYldc98R8xoikfvXcOfgZ0x"},"senderMessageKeys":[]},{"senderKeyId":1416915188,"senderChainKey":{"iteration":45,"seed":"ueZBmeuiNQ+FQcaJHqHLmQQvmoctG7xH5vUxxFCeW80="},"senderSigningKey":{"public":"BTHQkZW1rIa4RiSw58I7tbYldc98R8xoikfvXcOfgZ0x"},"senderMessageKeys":[]},{"senderKeyId":1416915188,"senderChainKey":{"iteration":46,"seed":"6F366AhFd8OJ3zvmzPyKKqJAfUQd1NblRwf9935ZRBA="},"senderSigningKey":{"public":"BTHQkZW1rIa4RiSw58I7tbYldc98R8xoikfvXcOfgZ0x"},"senderMessageKeys":[]},{"senderKeyId":1416915188,"senderChainKey":{"iteration":47,"seed":"M6h41fFjmS6l2j69kN1slE0KkC/1eAFnw9y91yTr8Mc="},"senderSigningKey":{"public":"BTHQkZW1rIa4RiSw58I7tbYldc98R8xoikfvXcOfgZ0x"},"senderMessageKeys":[]},{"senderKeyId":1416915188,"senderChainKey":{"iteration":48,"seed":"+KxQN8giKn67mHSurFAsKwonuzGu/yBuBU7kxZaituY="},"senderSigningKey":{"public":"BTHQkZW1rIa4RiSw58I7tbYldc98R8xoikfvXcOfgZ0x"},"senderMessageKeys":[]},{"senderKeyId":1416915188,"senderChainKey":{"iteration":49,"seed":"WuvO4KAoE9OSI2uueWLUK5z5MsPIM/QWUaoeErsJwhg="},"senderSigningKey":{"public":"BTHQkZW1rIa4RiSw58I7tbYldc98R8xoikfvXcOfgZ0x"},"senderMessageKeys":[]},{"senderKeyId":1416915188,"senderChainKey":{"iteration":50,"seed":"5ikI3tRTfZQK3syF++lz/HoVu5r0q8H67RU1zKiA6k4="},"senderSigningKey":{"public":"BTHQkZW1rIa4RiSw58I7tbYldc98R8xoikfvXcOfgZ0x"},"senderMessageKeys":[]},{"senderKeyId":1416915188,"senderChainKey":{"iteration":51,"seed":"5Pvgg/uaNTRSHj5nsdJ2ASBxMwNV5tJvKSA2reW7X3Y="},"senderSigningKey":{"public":"BTHQkZW1rIa4RiSw58I7tbYldc98R8xoikfvXcOfgZ0x"},"senderMessageKeys":[]},{"senderKeyId":1416915188,"senderChainKey":{"iteration":52,"seed":"1qIEbv4Q0+Hs880r7k72q4q2A+5Qt7UdfDbAlQGXYzs="},"senderSigningKey":{"public":"BTHQkZW1rIa4RiSw58I7tbYldc98R8xoikfvXcOfgZ0x"},"senderMessageKeys":[]},{"senderKeyId":1416915188,"senderChainKey":{"iteration":53,"seed":"405h6ZaIaBmDWEWqfCB8xMTAa1oCVPIfPU8K163Rs5c="},"senderSigningKey":{"public":"BTHQkZW1rIa4RiSw58I7tbYldc98R8xoikfvXcOfgZ0x"},"senderMessageKeys":[]},{"senderKeyId":1416915188,"senderChainKey":{"iteration":54,"seed":"8waen0Q+Y+EK4fwu8FAWHVkdkxwA5g0cOLRtRXXHjLs="},"senderSigningKey":{"public":"BTHQkZW1rIa4RiSw58I7tbYldc98R8xoikfvXcOfgZ0x"},"senderMessageKeys":[]},{"senderKeyId":1416915188,"senderChainKey":{"iteration":55,"seed":"TQWlhopG2snw4S321HTTE8RBmLn93SQ+Lt1BMbNqCEg="},"senderSigningKey":{"public":"BTHQkZW1rIa4RiSw58I7tbYldc98R8xoikfvXcOfgZ0x"},"senderMessageKeys":[]},{"senderKeyId":1416915188,"senderChainKey":{"iteration":56,"seed":"5YfWxBtwpivve+TxIIl6Udli/K2lz0VZeIgdlPVeWhg="},"senderSigningKey":{"public":"BTHQkZW1rIa4RiSw58I7tbYldc98R8xoikfvXcOfgZ0x"},"senderMessageKeys":[]},{"senderKeyId":1416915188,"senderChainKey":{"iteration":57,"seed":"GdzBcQeRxZyRsm+6Mh2G6SXsagaryn84kt9yzUnevzU="},"senderSigningKey":{"public":"BTHQkZW1rIa4RiSw58I7tbYldc98R8xoikfvXcOfgZ0x"},"senderMessageKeys":[]},{"senderKeyId":1416915188,"senderChainKey":{"iteration":58,"seed":"pXOh3VmJrE39fRYAeEVF+EJf07iNdjWPUYDIawOxoc8="},"senderSigningKey":{"public":"BTHQkZW1rIa4RiSw58I7tbYldc98R8xoikfvXcOfgZ0x"},"senderMessageKeys":[]},{"senderKeyId":1416915188,"senderChainKey":{"iteration":59,"seed":"RzpkA9soKPcEuCJULtMY7tP9n0dd9BjAFw2KocFIlTU="},"senderSigningKey":{"public":"BTHQkZW1rIa4RiSw58I7tbYldc98R8xoikfvXcOfgZ0x"},"senderMessageKeys":[]},{"senderKeyId":1416915188,"senderChainKey":{"iteration":60,"seed":"pKMboD/AxeiTj5K9VnCNS+Q6tJcTwtKip7OJTolwWV0="},"senderSigningKey":{"public":"BTHQkZW1rIa4RiSw58I7tbYldc98R8xoikfvXcOfgZ0x"},"senderMessageKeys":[]},{"senderKeyId":1416915188,"senderChainKey":{"iteration":61,"seed":"OXlQod1A53eAeTODCWXMF41XZbFCKKeXEjQZF1gA3Vo="},"senderSigningKey":{"public":"BTHQkZW1rIa4RiSw58I7tbYldc98R8xoikfvXcOfgZ0x"},"senderMessageKeys":[]},{"senderKeyId":1416915188,"senderChainKey":{"iteration":62,"seed":"QYJUOHiPLe2W7fBz1KnrcuhGYQaCO7788hJiWMZX2FY="},"senderSigningKey":{"public":"BTHQkZW1rIa4RiSw58I7tbYldc98R8xoikfvXcOfgZ0x"},"senderMessageKeys":[]},{"senderKeyId":1416915188,"senderChainKey":{"iteration":63,"seed":"+yAJh/tPaoSIYKjRxmZ/q2ML0sKlF+FgBIOpqUKdIKM="},"senderSigningKey":{"public":"BTHQkZW1rIa4RiSw58I7tbYldc98R8xoikfvXcOfgZ0x"},"senderMessageKeys":[]},{"senderKeyId":1416915188,"senderChainKey":{"iteration":64,"seed":"q1qKqoCEKAUMKhWDbcvdPvTdCJ0KdMEIwmvK3Q7e7Y4="},"senderSigningKey":{"public":"BTHQkZW1rIa4RiSw58I7tbYldc98R8xoikfvXcOfgZ0x"},"senderMessageKeys":[]},{"senderKeyId":1416915188,"senderChainKey":{"iteration":65,"seed":"ZlXEx+DoPZYYhLgtNgrJJryRt9OZ+G6ge6RYTHLwBQg="},"senderSigningKey":{"public":"BTHQkZW1rIa4RiSw58I7tbYldc98R8xoikfvXcOfgZ0x"},"senderMessageKeys":[]},{"senderKeyId":1416915188,"senderChainKey":{"iteration":66,"seed":"mmbmVbKqwArvfDCmnplivU6SKRux+gPUgufgHfxTlx0="},"senderSigningKey":{"public":"BTHQkZW1rIa4RiSw58I7tbYldc98R8xoikfvXcOfgZ0x"},"senderMessageKeys":[]},{"senderKeyId":1416915188,"senderChainKey":{"iteration":67,"seed":"9TKDNm1HpdqlQvQZ7HXFktfIt2g/hjGUqCowlSlaUoA="},"senderSigningKey":{"public":"BTHQkZW1rIa4RiSw58I7tbYldc98R8xoikfvXcOfgZ0x"},"senderMessageKeys":[]},{"senderKeyId":1416915188,"senderChainKey":{"iteration":68,"seed":"ySymTBMdu7xt1w3GxM0BBd2ii0Plw57aakn5b8sfg6Y="},"senderSigningKey":{"public":"BTHQkZW1rIa4RiSw58I7tbYldc98R8xoikfvXcOfgZ0x"},"senderMessageKeys":[]},{"senderKeyId":1416915188,"senderChainKey":{"iteration":69,"seed":"KvFKegSb5o4yCPhV+8hoGZP323rybDgwUGkW75kSuhU="},"senderSigningKey":{"public":"BTHQkZW1rIa4RiSw58I7tbYldc98R8xoikfvXcOfgZ0x"},"senderMessageKeys":[]},{"senderKeyId":1416915188,"senderChainKey":{"iteration":70,"seed":"9iUh/3vCZ6ab+6j0Eo1aXLkkLTfPFXnlMG3D0GUpMkY="},"senderSigningKey":{"public":"BTHQkZW1rIa4RiSw58I7tbYldc98R8xoikfvXcOfgZ0x"},"senderMessageKeys":[]},{"senderKeyId":1416915188,"senderChainKey":{"iteration":71,"seed":"x2fAvAyaJGUrH7tRDyI2MLdI5dJG+LwsbMl+kvvIOHU="},"senderSigningKey":{"public":"BTHQkZW1rIa4RiSw58I7tbYldc98R8xoikfvXcOfgZ0x"},"senderMessageKeys":[]},{"senderKeyId":1416915188,"senderChainKey":{"iteration":72,"seed":"i8Et/E+ElgNn9QE6lfnSPxdbwIaZa8q857CvGZp73cE="},"senderSigningKey":{"public":"BTHQkZW1rIa4RiSw58I7tbYldc98R8xoikfvXcOfgZ0x"},"senderMessageKeys":[]},{"senderKeyId":1416915188,"senderChainKey":{"iteration":73,"seed":"i6VUQ8Mc2m5H8vjCyPqddrXY06DQuIDHUr1j1HCtKSY="},"senderSigningKey":{"public":"BTHQkZW1rIa4RiSw58I7tbYldc98R8xoikfvXcOfgZ0x"},"senderMessageKeys":[]},{"senderKeyId":1416915188,"senderChainKey":{"iteration":74,"seed":"iZtNXgXGm0cxMsPebgp7eVUV6fUu1NJmXfkoplmcK14="},"senderSigningKey":{"public":"BTHQkZW1rIa4RiSw58I7tbYldc98R8xoikfvXcOfgZ0x"},"senderMessageKeys":[]},{"senderKeyId":1416915188,"senderChainKey":{"iteration":75,"seed":"VNHIoEHQsNLXZCDtfGQEsy1pkI+/SCxU148SNmsc1F0="},"senderSigningKey":{"public":"BTHQkZW1rIa4RiSw58I7tbYldc98R8xoikfvXcOfgZ0x"},"senderMessageKeys":[]},{"senderKeyId":1416915188,"senderChainKey":{"iteration":76,"seed":"G9p4f+IIgksOG/bmKLiz+zoxk9t+lfUjN8Ml913qyFg="},"senderSigningKey":{"public":"BTHQkZW1rIa4RiSw58I7tbYldc98R8xoikfvXcOfgZ0x"},"senderMessageKeys":[]},{"senderKeyId":1416915188,"senderChainKey":{"iteration":77,"seed":"4t4Pyi4Dmo90Jm99JwrbeFLECYr6VouwSaixUZoXEBg="},"senderSigningKey":{"public":"BTHQkZW1rIa4RiSw58I7tbYldc98R8xoikfvXcOfgZ0x"},"senderMessageKeys":[]},{"senderKeyId":1416915188,"senderChainKey":{"iteration":78,"seed":"vyHGlzCmnYgof7uj9J15JT5EATti+Y4N1oj/2X+jf74="},"senderSigningKey":{"public":"BTHQkZW1rIa4RiSw58I7tbYldc98R8xoikfvXcOfgZ0x"},"senderMessageKeys":[]},{"senderKeyId":1416915188,"senderChainKey":{"iteration":79,"seed":"YYCGvWr9q4AhDQN/Lv5C08rGrFbDWEt5slSkB/nolr8="},"senderSigningKey":{"public":"BTHQkZW1rIa4RiSw58I7tbYldc98R8xoikfvXcOfgZ0x"},"senderMessageKeys":[]},{"senderKeyId":1416915188,"senderChainKey":{"iteration":80,"seed":"HMkWlVW0XbTJYRjS9VDBWsFuGnWzWciKr1d73xlhkSQ="},"senderSigningKey":{"public":"BTHQkZW1rIa4RiSw58I7tbYldc98R8xoikfvXcOfgZ0x"},"senderMessageKeys":[]},{"senderKeyId":1416915188,"senderChainKey":{"iteration":81,"seed":"qcvuxmk8HaVDwVvYK8LH0JdJ0YsNc2swg/QjgxdZ+As="},"senderSigningKey":{"public":"BTHQkZW1rIa4RiSw58I7tbYldc98R8xoikfvXcOfgZ0x"},"senderMessageKeys":[]},{"senderKeyId":1416915188,"senderChainKey":{"iteration":82,"seed":"eMiv4N94Md65aulpQTmbUOEY4uceq3phqlDAb4DTEns="},"senderSigningKey":{"public":"BTHQkZW1rIa4RiSw58I7tbYldc98R8xoikfvXcOfgZ0x"},"senderMessageKeys":[]},{"senderKeyId":1416915188,"senderChainKey":{"iteration":83,"seed":"7zrT2n11tOV4MvnzXzEoEujHRVHqh0wU0lBOx3C1xVU="},"senderSigningKey":{"public":"BTHQkZW1rIa4RiSw58I7tbYldc98R8xoikfvXcOfgZ0x"},"senderMessageKeys":[]},{"senderKeyId":1416915188,"senderChainKey":{"iteration":84,"seed":"lFJigYZ2lWM5cxcCrT9V0B9KC0Ceoxb7HZR5szBvY70="},"senderSigningKey":{"public":"BTHQkZW1rIa4RiSw58I7tbYldc98R8xoikfvXcOfgZ0x"},"senderMessageKeys":[]},{"senderKeyId":1416915188,"senderChainKey":{"iteration":85,"seed":"VdLEY+qQsEL3wRUdlExd3E2QdfifYKBxnJs/ZPajWOM="},"senderSigningKey":{"public":"BTHQkZW1rIa4RiSw58I7tbYldc98R8xoikfvXcOfgZ0x"},"senderMessageKeys":[]},{"senderKeyId":1416915188,"senderChainKey":{"iteration":86,"seed":"KGRXAwIJwoqmnIsC7LxY8YFZSNrEjI/xlvU8ah3lYJc="},"senderSigningKey":{"public":"BTHQkZW1rIa4RiSw58I7tbYldc98R8xoikfvXcOfgZ0x"},"senderMessageKeys":[]},{"senderKeyId":1416915188,"senderChainKey":{"iteration":87,"seed":"y5a5SwqxlBFq0+BY54Z8h/r7R7UrcCppvpErmsxDjPg="},"senderSigningKey":{"public":"BTHQkZW1rIa4RiSw58I7tbYldc98R8xoikfvXcOfgZ0x"},"senderMessageKeys":[]},{"senderKeyId":1416915188,"senderChainKey":{"iteration":88,"seed":"duiotMjrf/U3eDx6sT8i6T0PZUCXCHfAFBv3FDR4WKg="},"senderSigningKey":{"public":"BTHQkZW1rIa4RiSw58I7tbYldc98R8xoikfvXcOfgZ0x"},"senderMessageKeys":[]},{"senderKeyId":1416915188,"senderChainKey":{"iteration":89,"seed":"g/P9rYHH2v5GhzwBeAjqCi5wnF/PD/15hzf+VLElAjY="},"senderSigningKey":{"public":"BTHQkZW1rIa4RiSw58I7tbYldc98R8xoikfvXcOfgZ0x"},"senderMessageKeys":[]},{"senderKeyId":1416915188,"senderChainKey":{"iteration":90,"seed":"KYurzFnRPPy9CSw0CvbL6mAMGWTcw21zHt5pQ8ebSog="},"senderSigningKey":{"public":"BTHQkZW1rIa4RiSw58I7tbYldc98R8xoikfvXcOfgZ0x"},"senderMessageKeys":[]},{"senderKeyId":1416915188,"senderChainKey":{"iteration":91,"seed":"fXwTCEzaiTlThyj7awVJoljdIADrb9O7OVouNfLs8AA="},"senderSigningKey":{"public":"BTHQkZW1rIa4RiSw58I7tbYldc98R8xoikfvXcOfgZ0x"},"senderMessageKeys":[]},{"senderKeyId":1416915188,"senderChainKey":{"iteration":92,"seed":"dcUZozAioxEvQlbBhfFMtGp8XvC7rb3CjQvGQeVt888="},"senderSigningKey":{"public":"BTHQkZW1rIa4RiSw58I7tbYldc98R8xoikfvXcOfgZ0x"},"senderMessageKeys":[]},{"senderKeyId":1416915188,"senderChainKey":{"iteration":93,"seed":"ufMrANpL40Ly+A6UTBxxxoJ8gBW1EHE1OcJhXWvVEuM="},"senderSigningKey":{"public":"BTHQkZW1rIa4RiSw58I7tbYldc98R8xoikfvXcOfgZ0x"},"senderMessageKeys":[]},{"senderKeyId":1416915188,"senderChainKey":{"iteration":94,"seed":"FdDK1YgWfII1gWekZsq1urNWz26xOLqURFcXc7GmtJo="},"senderSigningKey":{"public":"BTHQkZW1rIa4RiSw58I7tbYldc98R8xoikfvXcOfgZ0x"},"senderMessageKeys":[]},{"senderKeyId":1416915188,"senderChainKey":{"iteration":95,"seed":"H57PoQzLgXcqOvww9TMnAuj07V7ogTegszp6/NYWKDM="},"senderSigningKey":{"public":"BTHQkZW1rIa4RiSw58I7tbYldc98R8xoikfvXcOfgZ0x"},"senderMessageKeys":[]},{"senderKeyId":1416915188,"senderChainKey":{"iteration":96,"seed":"xG+4cGV9Br0ZADx7MwuTMkyCDd0lBacNQ49Qwcnwnuc="},"senderSigningKey":{"public":"BTHQkZW1rIa4RiSw58I7tbYldc98R8xoikfvXcOfgZ0x"},"senderMessageKeys":[]},{"senderKeyId":1416915188,"senderChainKey":{"iteration":97,"seed":"BBIPrN0t735wJe5wsntMMDpJaIC84yEycrGs/M5nFrs="},"senderSigningKey":{"public":"BTHQkZW1rIa4RiSw58I7tbYldc98R8xoikfvXcOfgZ0x"},"senderMessageKeys":[]},{"senderKeyId":1416915188,"senderChainKey":{"iteration":98,"seed":"3ggVYfQReQyvMLY9/lJTXOOCRpZTdQ3OGmSRaABQYL4="},"senderSigningKey":{"public":"BTHQkZW1rIa4RiSw58I7tbYldc98R8xoikfvXcOfgZ0x"},"senderMessageKeys":[]},{"senderKeyId":1416915188,"senderChainKey":{"iteration":99,"seed":"s5wwV0Wr6y+mHgBsAvnAOecf7uY35Vmv12ZeVZM58AY="},"senderSigningKey":{"public":"BTHQkZW1rIa4RiSw58I7tbYldc98R8xoikfvXcOfgZ0x"},"senderMessageKeys":[]},{"senderKeyId":1416915188,"senderChainKey":{"iteration":100,"seed":"Xy04DgG/RP5NTbwdg1dsak271JpOOJ9HI7hpIva+SOk="},"senderSigningKey":{"public":"BTHQkZW1rIa4RiSw58I7tbYldc98R8xoikfvXcOfgZ0x"},"senderMessageKeys":[]},{"senderKeyId":1416915188,"senderChainKey":{"iteration":101,"seed":"BFGWIArI7yNRR36lCTfTITnPoVD8IJy3hrih5D0gQfc="},"senderSigningKey":{"public":"BTHQkZW1rIa4RiSw58I7tbYldc98R8xoikfvXcOfgZ0x"},"senderMessageKeys":[]},{"senderKeyId":1416915188,"senderChainKey":{"iteration":102,"seed":"NdLVWjbn8nm4SFVRDM48uGmK3gleUBSZYwDt51MVsmA="},"senderSigningKey":{"public":"BTHQkZW1rIa4RiSw58I7tbYldc98R8xoikfvXcOfgZ0x"},"senderMessageKeys":[]},{"senderKeyId":1416915188,"senderChainKey":{"iteration":103,"seed":"piEsKMUV4ybyv3yBSefj43oRhBkpiPr5mgsS5AE24yk="},"senderSigningKey":{"public":"BTHQkZW1rIa4RiSw58I7tbYldc98R8xoikfvXcOfgZ0x"},"senderMessageKeys":[]},{"senderKeyId":1416915188,"senderChainKey":{"iteration":104,"seed":"ACp/tnqp+4OozuR5sF6Xk5ilLvj3A3SXwMoYgpG/Sog="},"senderSigningKey":{"public":"BTHQkZW1rIa4RiSw58I7tbYldc98R8xoikfvXcOfgZ0x"},"senderMessageKeys":[]},{"senderKeyId":1416915188,"senderChainKey":{"iteration":105,"seed":"J905mXM7VFdF36Qu71+vLdxj+9Y0b91ev1QsMiVx0Kw="},"senderSigningKey":{"public":"BTHQkZW1rIa4RiSw58I7tbYldc98R8xoikfvXcOfgZ0x"},"senderMessageKeys":[]},{"senderKeyId":1416915188,"senderChainKey":{"iteration":106,"seed":"eQ6E0hD3jWbsmlZxE+LAt5TGN5j7OTlToq73CQ1Vmvs="},"senderSigningKey":{"public":"BTHQkZW1rIa4RiSw58I7tbYldc98R8xoikfvXcOfgZ0x"},"senderMessageKeys":[]},{"senderKeyId":1416915188,"senderChainKey":{"iteration":107,"seed":"uW+ujIJ6ZtBAay5/t2CeyWKXqAKpg8AIUqBcdEPB4kE="},"senderSigningKey":{"public":"BTHQkZW1rIa4RiSw58I7tbYldc98R8xoikfvXcOfgZ0x"},"senderMessageKeys":[]},{"senderKeyId":1416915188,"senderChainKey":{"iteration":108,"seed":"New0U0De1iTrc2sD7Wm+IurEg3n56P2kf6EP88sV434="},"senderSigningKey":{"public":"BTHQkZW1rIa4RiSw58I7tbYldc98R8xoikfvXcOfgZ0x"},"senderMessageKeys":[]},{"senderKeyId":1416915188,"senderChainKey":{"iteration":109,"seed":"EYA8suY+bFJDgkqIowZN7LkYA72QlB7TFPiYn5g3Hlo="},"senderSigningKey":{"public":"BTHQkZW1rIa4RiSw58I7tbYldc98R8xoikfvXcOfgZ0x"},"senderMessageKeys":[]},{"senderKeyId":1416915188,"senderChainKey":{"iteration":110,"seed":"wUMeGdu9kzPhAoKBws797aO2pGmgD07aSy2J6nC5SNE="},"senderSigningKey":{"public":"BTHQkZW1rIa4RiSw58I7tbYldc98R8xoikfvXcOfgZ0x"},"senderMessageKeys":[]},{"senderKeyId":1416915188,"senderChainKey":{"iteration":111,"seed":"/AyWSsb+1RlxxUsW7JIIFkaFs3HU6evwvsLXq9RSVFE="},"senderSigningKey":{"public":"BTHQkZW1rIa4RiSw58I7tbYldc98R8xoikfvXcOfgZ0x"},"senderMessageKeys":[]},{"senderKeyId":1416915188,"senderChainKey":{"iteration":112,"seed":"GbB/BvZbAH84goge29YSdrPRh7pbEb7z3cn51r/HetI="},"senderSigningKey":{"public":"BTHQkZW1rIa4RiSw58I7tbYldc98R8xoikfvXcOfgZ0x"},"senderMessageKeys":[]},{"senderKeyId":1416915188,"senderChainKey":{"iteration":113,"seed":"zSJZA3WL3IPLO0gN46PIsurYN2Cy/OXZaReiZRc4D2o="},"senderSigningKey":{"public":"BTHQkZW1rIa4RiSw58I7tbYldc98R8xoikfvXcOfgZ0x"},"senderMessageKeys":[]},{"senderKeyId":1416915188,"senderChainKey":{"iteration":114,"seed":"eo3N7oqufOlFTJyrdjYMk3mszGBO4YL0E/tZ/+g+K/0="},"senderSigningKey":{"public":"BTHQkZW1rIa4RiSw58I7tbYldc98R8xoikfvXcOfgZ0x"},"senderMessageKeys":[]},{"senderKeyId":1416915188,"senderChainKey":{"iteration":115,"seed":"VaIz5ZWKdtYr3vaH9qp+tRZ/yH0hXZNHHHx8+oQteZc="},"senderSigningKey":{"public":"BTHQkZW1rIa4RiSw58I7tbYldc98R8xoikfvXcOfgZ0x"},"senderMessageKeys":[]},{"senderKeyId":1416915188,"senderChainKey":{"iteration":116,"seed":"BhbrXeP6tXjO8lAWGGY5A+FYrOsjXf69SY4IrSwSPMk="},"senderSigningKey":{"public":"BTHQkZW1rIa4RiSw58I7tbYldc98R8xoikfvXcOfgZ0x"},"senderMessageKeys":[]},{"senderKeyId":1416915188,"senderChainKey":{"iteration":117,"seed":"8NFSZz+EFEH0S2r0Jsk0oD46QTIf2LbCmVbxVzP4ouM="},"senderSigningKey":{"public":"BTHQkZW1rIa4RiSw58I7tbYldc98R8xoikfvXcOfgZ0x"},"senderMessageKeys":[]},{"senderKeyId":1416915188,"senderChainKey":{"iteration":118,"seed":"RgwRyQMilkRqgvLMvDxNqz/iUaqMBkxfgQMC23wC4dQ="},"senderSigningKey":{"public":"BTHQkZW1rIa4RiSw58I7tbYldc98R8xoikfvXcOfgZ0x"},"senderMessageKeys":[]},{"senderKeyId":1416915188,"senderChainKey":{"iteration":119,"seed":"uK9Hr84HGAgM/eHyVwNqUTXDXvO/i9fyxhAqYA+5s7I="},"senderSigningKey":{"public":"BTHQkZW1rIa4RiSw58I7tbYldc98R8xoikfvXcOfgZ0x"},"senderMessageKeys":[]},{"senderKeyId":1416915188,"senderChainKey":{"iteration":120,"seed":"fMynQj/WKqQEhbCAY/bcmDAheYNOr/W4gxwN0bpwYxE="},"senderSigningKey":{"public":"BTHQkZW1rIa4RiSw58I7tbYldc98R8xoikfvXcOfgZ0x"},"senderMessageKeys":[]},{"senderKeyId":1416915188,"senderChainKey":{"iteration":121,"seed":"M2h6yeGtkVPH92UJiUm0IWcYHLG7XQAjixxlayFemj0="},"senderSigningKey":{"public":"BTHQkZW1rIa4RiSw58I7tbYldc98R8xoikfvXcOfgZ0x"},"senderMessageKeys":[]},{"senderKeyId":1416915188,"senderChainKey":{"iteration":122,"seed":"rjM+rgKAayIVC4CCoMMtk6AWcLUR+01+tuHyaTJJ4YQ="},"senderSigningKey":{"public":"BTHQkZW1rIa4RiSw58I7tbYldc98R8xoikfvXcOfgZ0x"},"senderMessageKeys":[]},{"senderKeyId":1416915188,"senderChainKey":{"iteration":123,"seed":"Ajmyp3YT81m2pQEMbJZgMDp4TSxppSwK8jCSCZ/ar38="},"senderSigningKey":{"public":"BTHQkZW1rIa4RiSw58I7tbYldc98R8xoikfvXcOfgZ0x"},"senderMessageKeys":[]},{"senderKeyId":1416915188,"senderChainKey":{"iteration":124,"seed":"k7Oxlow/0uWum9MMOvUjHVIgraixwNzHLsFF7dRorlw="},"senderSigningKey":{"public":"BTHQkZW1rIa4RiSw58I7tbYldc98R8xoikfvXcOfgZ0x"},"senderMessageKeys":[]},{"senderKeyId":1416915188,"senderChainKey":{"iteration":125,"seed":"NkRfSWhk1ikXFIPjCOlrMU8OX6bzLHx3Qz7H2mriYaw="},"senderSigningKey":{"public":"BTHQkZW1rIa4RiSw58I7tbYldc98R8xoikfvXcOfgZ0x"},"senderMessageKeys":[]},{"senderKeyId":1416915188,"senderChainKey":{"iteration":126,"seed":"NT2hW7yUSWKKkROlKzvfDbMHMojgbJqE8lepTH9tcEU="},"senderSigningKey":{"public":"BTHQkZW1rIa4RiSw58I7tbYldc98R8xoikfvXcOfgZ0x"},"senderMessageKeys":[]},{"senderKeyId":1416915188,"senderChainKey":{"iteration":127,"seed":"uI+1Om4Co06PbPRIc3tpo/B3Ikn5IaPhlt9FqdlVn1I="},"senderSigningKey":{"public":"BTHQkZW1rIa4RiSw58I7tbYldc98R8xoikfvXcOfgZ0x"},"senderMessageKeys":[]},{"senderKeyId":1416915188,"senderChainKey":{"iteration":128,"seed":"zdsuBWvegWX+50OmpLPyt+2cBLxtviMYbT26f38JbY8="},"senderSigningKey":{"public":"BTHQkZW1rIa4RiSw58I7tbYldc98R8xoikfvXcOfgZ0x"},"senderMessageKeys":[]},{"senderKeyId":1416915188,"senderChainKey":{"iteration":129,"seed":"kgE4QfBGik/bsjUrK6NpEZLuFGwAbs/WUS815w4zrMs="},"senderSigningKey":{"public":"BTHQkZW1rIa4RiSw58I7tbYldc98R8xoikfvXcOfgZ0x"},"senderMessageKeys":[]},{"senderKeyId":1416915188,"senderChainKey":{"iteration":130,"seed":"/RyoBe+zyzeFyYVt09QlXUlPBFA1bFrvMS4FRErHeBc="},"senderSigningKey":{"public":"BTHQkZW1rIa4RiSw58I7tbYldc98R8xoikfvXcOfgZ0x"},"senderMessageKeys":[]},{"senderKeyId":1416915188,"senderChainKey":{"iteration":131,"seed":"zvWzq9q0EH03H6XP8WXlhD76G3qXs/B+C5eKAqBq2ao="},"senderSigningKey":{"public":"BTHQkZW1rIa4RiSw58I7tbYldc98R8xoikfvXcOfgZ0x"},"senderMessageKeys":[]},{"senderKeyId":1416915188,"senderChainKey":{"iteration":132,"seed":"q7BQL7fVuQFoCpN57B31UBKsr90J94IA3Gqd3RlhpG4="},"senderSigningKey":{"public":"BTHQkZW1rIa4RiSw58I7tbYldc98R8xoikfvXcOfgZ0x"},"senderMessageKeys":[]},{"senderKeyId":1416915188,"senderChainKey":{"iteration":133,"seed":"AGflbw4V7ecoTrRVkCndF3FlrcaVp1m/4CxE3bhJuk4="},"senderSigningKey":{"public":"BTHQkZW1rIa4RiSw58I7tbYldc98R8xoikfvXcOfgZ0x"},"senderMessageKeys":[]},{"senderKeyId":1416915188,"senderChainKey":{"iteration":134,"seed":"2Gk5eSPeDFcu6LHiP/9brQyy9bSxo8Izj3lcpHypFZQ="},"senderSigningKey":{"public":"BTHQkZW1rIa4RiSw58I7tbYldc98R8xoikfvXcOfgZ0x"},"senderMessageKeys":[]},{"senderKeyId":1416915188,"senderChainKey":{"iteration":135,"seed":"vw9PsAX5GshKBgvx63W7N+k+8FVCe3BAQICKzBibAhU="},"senderSigningKey":{"public":"BTHQkZW1rIa4RiSw58I7tbYldc98R8xoikfvXcOfgZ0x"},"senderMessageKeys":[]},{"senderKeyId":1416915188,"senderChainKey":{"iteration":136,"seed":"Ki0HOhMdr1o104dGUID9I2JHlMRcQ2RnmPMp4XcGsLc="},"senderSigningKey":{"public":"BTHQkZW1rIa4RiSw58I7tbYldc98R8xoikfvXcOfgZ0x"},"senderMessageKeys":[]},{"senderKeyId":1416915188,"senderChainKey":{"iteration":137,"seed":"cU/pMe2jsnDycubIpUWLrAXsty/hrKfY7Br81LvNshQ="},"senderSigningKey":{"public":"BTHQkZW1rIa4RiSw58I7tbYldc98R8xoikfvXcOfgZ0x"},"senderMessageKeys":[]},{"senderKeyId":1416915188,"senderChainKey":{"iteration":138,"seed":"LYPAwrIk10UfOBzHuDZMWeWuNU1XrxS6+mL8leV/Xcc="},"senderSigningKey":{"public":"BTHQkZW1rIa4RiSw58I7tbYldc98R8xoikfvXcOfgZ0x"},"senderMessageKeys":[]},{"senderKeyId":1416915188,"senderChainKey":{"iteration":139,"seed":"eznoqoaU7i2nfuGe+OWEx+eScZRYM89epUjU3rntj+o="},"senderSigningKey":{"public":"BTHQkZW1rIa4RiSw58I7tbYldc98R8xoikfvXcOfgZ0x"},"senderMessageKeys":[]},{"senderKeyId":1416915188,"senderChainKey":{"iteration":140,"seed":"X5DkMylZtHjR2CiZnedAghQXlmCa3eL9jJxE0V6TTCU="},"senderSigningKey":{"public":"BTHQkZW1rIa4RiSw58I7tbYldc98R8xoikfvXcOfgZ0x"},"senderMessageKeys":[]},{"senderKeyId":1416915188,"senderChainKey":{"iteration":141,"seed":"wW2A6UtFAMXWbl/RNa1YrKaADGKRAEf4UgonfuNxx30="},"senderSigningKey":{"public":"BTHQkZW1rIa4RiSw58I7tbYldc98R8xoikfvXcOfgZ0x"},"senderMessageKeys":[]},{"senderKeyId":1416915188,"senderChainKey":{"iteration":142,"seed":"BLZ3KdLe1BqEFU5DYADIYlqSskdqoMlmNJv3at+6F1Y="},"senderSigningKey":{"public":"BTHQkZW1rIa4RiSw58I7tbYldc98R8xoikfvXcOfgZ0x"},"senderMessageKeys":[]},{"senderKeyId":1416915188,"senderChainKey":{"iteration":143,"seed":"AF7D/J3TKef6G5dbvjaectME0TCATlL6b4R05Iaao+4="},"senderSigningKey":{"public":"BTHQkZW1rIa4RiSw58I7tbYldc98R8xoikfvXcOfgZ0x"},"senderMessageKeys":[]},{"senderKeyId":1416915188,"senderChainKey":{"iteration":144,"seed":"gsMAIodSq3C3lyJ1VDLiksfzFbj69JkcMQKsoFnr0pI="},"senderSigningKey":{"public":"BTHQkZW1rIa4RiSw58I7tbYldc98R8xoikfvXcOfgZ0x"},"senderMessageKeys":[]},{"senderKeyId":1416915188,"senderChainKey":{"iteration":145,"seed":"ZbbUDmxv2WIV1K7oTGsMw+YmUQHFO62V/Y5Lvpyl4Zk="},"senderSigningKey":{"public":"BTHQkZW1rIa4RiSw58I7tbYldc98R8xoikfvXcOfgZ0x"},"senderMessageKeys":[]},{"senderKeyId":1416915188,"senderChainKey":{"iteration":146,"seed":"a+Iflj5zO0tE2ZylkElYg2YZeWHcQRBDpvyvshxeqww="},"senderSigningKey":{"public":"BTHQkZW1rIa4RiSw58I7tbYldc98R8xoikfvXcOfgZ0x"},"senderMessageKeys":[]},{"senderKeyId":1416915188,"senderChainKey":{"iteration":147,"seed":"hJZNQvnBsadyKsPWZEZOHPm1tBHL4O6GbNOXK3eTccc="},"senderSigningKey":{"public":"BTHQkZW1rIa4RiSw58I7tbYldc98R8xoikfvXcOfgZ0x"},"senderMessageKeys":[]},{"senderKeyId":1416915188,"senderChainKey":{"iteration":148,"seed":"TLR9ryeyfygqBFmjq6hPRmTg1VD64PCbM4k/g7xGFBQ="},"senderSigningKey":{"public":"BTHQkZW1rIa4RiSw58I7tbYldc98R8xoikfvXcOfgZ0x"},"senderMessageKeys":[]},{"senderKeyId":1416915188,"senderChainKey":{"iteration":149,"seed":"Zfi/nfXMSttARVmZWWl20/w+mZlIYY7Wp/5+14rn4WE="},"senderSigningKey":{"public":"BTHQkZW1rIa4RiSw58I7tbYldc98R8xoikfvXcOfgZ0x"},"senderMessageKeys":[]},{"senderKeyId":1416915188,"senderChainKey":{"iteration":150,"seed":"QUdq93KQgTsWo51XhjcS6jeIq+NxeCjUoyoOKol5AI8="},"senderSigningKey":{"public":"BTHQkZW1rIa4RiSw58I7tbYldc98R8xoikfvXcOfgZ0x"},"senderMessageKeys":[]},{"senderKeyId":1416915188,"senderChainKey":{"iteration":151,"seed":"ozYI8GKihcYbn9icBGnL/N3TzBJGRC7bPQrX3el7O38="},"senderSigningKey":{"public":"BTHQkZW1rIa4RiSw58I7tbYldc98R8xoikfvXcOfgZ0x"},"senderMessageKeys":[]},{"senderKeyId":1416915188,"senderChainKey":{"iteration":152,"seed":"S07waNyKKgm8gAM0astCyuulsN7EAQcBUWPIBbf3LhE="},"senderSigningKey":{"public":"BTHQkZW1rIa4RiSw58I7tbYldc98R8xoikfvXcOfgZ0x"},"senderMessageKeys":[]},{"senderKeyId":1416915188,"senderChainKey":{"iteration":153,"seed":"pn8nNvNo3nGqCeDgjKVLbO2b09GuLZ/WHjr/4gyfFbE="},"senderSigningKey":{"public":"BTHQkZW1rIa4RiSw58I7tbYldc98R8xoikfvXcOfgZ0x"},"senderMessageKeys":[]},{"senderKeyId":1416915188,"senderChainKey":{"iteration":154,"seed":"ynRVBXHFfHymw/EH/ZEXpJLS2rlUA1pRvhE2NV0rJvs="},"senderSigningKey":{"public":"BTHQkZW1rIa4RiSw58I7tbYldc98R8xoikfvXcOfgZ0x"},"senderMessageKeys":[]},{"senderKeyId":1416915188,"senderChainKey":{"iteration":155,"seed":"bbtzzwg7CggGnzpCxwUqSl1m4I1t5rvcSHI6eBVcm9s="},"senderSigningKey":{"public":"BTHQkZW1rIa4RiSw58I7tbYldc98R8xoikfvXcOfgZ0x"},"senderMessageKeys":[]},{"senderKeyId":1416915188,"senderChainKey":{"iteration":156,"seed":"NH4cS0n8sdlRDzRqSvMspMSCHtxsNf6ITJmbx51TCCg="},"senderSigningKey":{"public":"BTHQkZW1rIa4RiSw58I7tbYldc98R8xoikfvXcOfgZ0x"},"senderMessageKeys":[]},{"senderKeyId":1416915188,"senderChainKey":{"iteration":157,"seed":"ffjjs9kpCoNIJp1sirtStR89OdmIdW76sijyzYnZ5cc="},"senderSigningKey":{"public":"BTHQkZW1rIa4RiSw58I7tbYldc98R8xoikfvXcOfgZ0x"},"senderMessageKeys":[]},{"senderKeyId":1416915188,"senderChainKey":{"iteration":158,"seed":"w28XS2NxmOyVsUK3MwCMgVSr4KzUbw9X1hI5shPdOn8="},"senderSigningKey":{"public":"BTHQkZW1rIa4RiSw58I7tbYldc98R8xoikfvXcOfgZ0x"},"senderMessageKeys":[]},{"senderKeyId":1416915188,"senderChainKey":{"iteration":159,"seed":"16cMTgkJzpcOl6QLbFXR9i7RpuEQcHG4wA9vMdGOC3k="},"senderSigningKey":{"public":"BTHQkZW1rIa4RiSw58I7tbYldc98R8xoikfvXcOfgZ0x"},"senderMessageKeys":[]},{"senderKeyId":1416915188,"senderChainKey":{"iteration":160,"seed":"/rqLIJl5uvKT9JgfThu0B6qP4qIyhv+tDGrsgflEBxA="},"senderSigningKey":{"public":"BTHQkZW1rIa4RiSw58I7tbYldc98R8xoikfvXcOfgZ0x"},"senderMessageKeys":[]},{"senderKeyId":1416915188,"senderChainKey":{"iteration":161,"seed":"GiPopBmCvUUeKkR/SpOjeWP4R7/Tq1y39m0EY89CdP0="},"senderSigningKey":{"public":"BTHQkZW1rIa4RiSw58I7tbYldc98R8xoikfvXcOfgZ0x"},"senderMessageKeys":[]},{"senderKeyId":1416915188,"senderChainKey":{"iteration":162,"seed":"tRoz8KMJ8u+c8zElvdYR59Y7/YgnDHEteYWW47suOOI="},"senderSigningKey":{"public":"BTHQkZW1rIa4RiSw58I7tbYldc98R8xoikfvXcOfgZ0x"},"senderMessageKeys":[]},{"senderKeyId":1416915188,"senderChainKey":{"iteration":163,"seed":"lJW73pFgCPPbrAApJj1qASAcwBkuu37N8h47UR2zsd8="},"senderSigningKey":{"public":"BTHQkZW1rIa4RiSw58I7tbYldc98R8xoikfvXcOfgZ0x"},"senderMessageKeys":[]},{"senderKeyId":1416915188,"senderChainKey":{"iteration":164,"seed":"fkDDvrdK+deT3ROjFAYIHLNOEhhu6XKQaw5FbLyJxQA="},"senderSigningKey":{"public":"BTHQkZW1rIa4RiSw58I7tbYldc98R8xoikfvXcOfgZ0x"},"senderMessageKeys":[]},{"senderKeyId":1416915188,"senderChainKey":{"iteration":165,"seed":"t9S5ZYlGqRmsn+EiQdinBmt8RKdWw0niG5nMds0uTEU="},"senderSigningKey":{"public":"BTHQkZW1rIa4RiSw58I7tbYldc98R8xoikfvXcOfgZ0x"},"senderMessageKeys":[]},{"senderKeyId":1416915188,"senderChainKey":{"iteration":166,"seed":"SEshBnZ0H0DZ4eiK8eYfLNW33VbQekHjFx8DzhOfYUw="},"senderSigningKey":{"public":"BTHQkZW1rIa4RiSw58I7tbYldc98R8xoikfvXcOfgZ0x"},"senderMessageKeys":[]},{"senderKeyId":1416915188,"senderChainKey":{"iteration":167,"seed":"N3e705sOBcs9tDAI95Dd+T9C5nCqzYxqSkHnj6lpyoU="},"senderSigningKey":{"public":"BTHQkZW1rIa4RiSw58I7tbYldc98R8xoikfvXcOfgZ0x"},"senderMessageKeys":[]},{"senderKeyId":1416915188,"senderChainKey":{"iteration":168,"seed":"wGN6T2XgNdnai7R+K/cDPwUWlgiZVZ1/P8m3NTCETDI="},"senderSigningKey":{"public":"BTHQkZW1rIa4RiSw58I7tbYldc98R8xoikfvXcOfgZ0x"},"senderMessageKeys":[]},{"senderKeyId":1416915188,"senderChainKey":{"iteration":169,"seed":"j+wKQ+MkIgd115dcFe5f5+k7fqipb4fstyK7djjMrEc="},"senderSigningKey":{"public":"BTHQkZW1rIa4RiSw58I7tbYldc98R8xoikfvXcOfgZ0x"},"senderMessageKeys":[]},{"senderKeyId":1416915188,"senderChainKey":{"iteration":170,"seed":"WZn6flj28jzFPn5M8KvoVPCaViK8XMXyqxTgwPnPPMY="},"senderSigningKey":{"public":"BTHQkZW1rIa4RiSw58I7tbYldc98R8xoikfvXcOfgZ0x"},"senderMessageKeys":[]},{"senderKeyId":1416915188,"senderChainKey":{"iteration":171,"seed":"T3pmfcbP2+KXilRMnM7dfee9zCH8rM+ew6CoezQo1Ik="},"senderSigningKey":{"public":"BTHQkZW1rIa4RiSw58I7tbYldc98R8xoikfvXcOfgZ0x"},"senderMessageKeys":[]},{"senderKeyId":1416915188,"senderChainKey":{"iteration":172,"seed":"wdlZCUORIAsJereP0HWVtNeQUC+AiyxtwRb2bsAbA8E="},"senderSigningKey":{"public":"BTHQkZW1rIa4RiSw58I7tbYldc98R8xoikfvXcOfgZ0x"},"senderMessageKeys":[]},{"senderKeyId":1416915188,"senderChainKey":{"iteration":173,"seed":"Q8Mrq/tpvRllUeqJsI2fXZjSkMTOJu3dRdYWvFbPnac="},"senderSigningKey":{"public":"BTHQkZW1rIa4RiSw58I7tbYldc98R8xoikfvXcOfgZ0x"},"senderMessageKeys":[]},{"senderKeyId":1416915188,"senderChainKey":{"iteration":174,"seed":"rFyoC57EF72shnjU6oO1KFXtsEhqx0UQRBYsZ+z+uPA="},"senderSigningKey":{"public":"BTHQkZW1rIa4RiSw58I7tbYldc98R8xoikfvXcOfgZ0x"},"senderMessageKeys":[]},{"senderKeyId":1416915188,"senderChainKey":{"iteration":175,"seed":"nWfDgCzQOqmjQa6DhYUMZlYrxxIRkmjvKnqM/enedgo="},"senderSigningKey":{"public":"BTHQkZW1rIa4RiSw58I7tbYldc98R8xoikfvXcOfgZ0x"},"senderMessageKeys":[]},{"senderKeyId":1416915188,"senderChainKey":{"iteration":176,"seed":"90JOYESeSYfEm/N3n+9wayxIoAQ3lYvWM5DwIVDZGBw="},"senderSigningKey":{"public":"BTHQkZW1rIa4RiSw58I7tbYldc98R8xoikfvXcOfgZ0x"},"senderMessageKeys":[]},{"senderKeyId":1416915188,"senderChainKey":{"iteration":177,"seed":"yXXB0rT0El/1J/U5RPfwm2uK5pbkOMMUMb43y4pIsdU="},"senderSigningKey":{"public":"BTHQkZW1rIa4RiSw58I7tbYldc98R8xoikfvXcOfgZ0x"},"senderMessageKeys":[]},{"senderKeyId":1416915188,"senderChainKey":{"iteration":178,"seed":"n42I1cjvGhJ6YFs10Z4R3CaSEHXhCt+FE/2m8Oa/ux0="},"senderSigningKey":{"public":"BTHQkZW1rIa4RiSw58I7tbYldc98R8xoikfvXcOfgZ0x"},"senderMessageKeys":[]},{"senderKeyId":1416915188,"senderChainKey":{"iteration":179,"seed":"Qd4GuAaU69lUv5izNydrveDbYfEyl9rXDGsu7e8yacc="},"senderSigningKey":{"public":"BTHQkZW1rIa4RiSw58I7tbYldc98R8xoikfvXcOfgZ0x"},"senderMessageKeys":[]},{"senderKeyId":1416915188,"senderChainKey":{"iteration":180,"seed":"9QEyQHHzUR1fBCDHp9e7b9U2sWe+o8MkxBuwowcdkws="},"senderSigningKey":{"public":"BTHQkZW1rIa4RiSw58I7tbYldc98R8xoikfvXcOfgZ0x"},"senderMessageKeys":[]},{"senderKeyId":1416915188,"senderChainKey":{"iteration":181,"seed":"NQO4P4/9gLBEhTosIQRO/gDogGhexMoehbLfzTXYwKk="},"senderSigningKey":{"public":"BTHQkZW1rIa4RiSw58I7tbYldc98R8xoikfvXcOfgZ0x"},"senderMessageKeys":[]},{"senderKeyId":1416915188,"senderChainKey":{"iteration":182,"seed":"MI3T9F6b7hPy73RNk+qxnaapwo0TxcvJpcDFf8/q9bo="},"senderSigningKey":{"public":"BTHQkZW1rIa4RiSw58I7tbYldc98R8xoikfvXcOfgZ0x"},"senderMessageKeys":[]},{"senderKeyId":1416915188,"senderChainKey":{"iteration":183,"seed":"Ma89Nw0I4K6j52QOp/pzkJYQegWLFnxS63wHd9It7aU="},"senderSigningKey":{"public":"BTHQkZW1rIa4RiSw58I7tbYldc98R8xoikfvXcOfgZ0x"},"senderMessageKeys":[]},{"senderKeyId":1416915188,"senderChainKey":{"iteration":184,"seed":"Bc33wLpEw6lM3yDMwqUjwqgIUZr/+sOlDTyjhjGcsOE="},"senderSigningKey":{"public":"BTHQkZW1rIa4RiSw58I7tbYldc98R8xoikfvXcOfgZ0x"},"senderMessageKeys":[]},{"senderKeyId":1416915188,"senderChainKey":{"iteration":185,"seed":"NPCW4toLJby2eY9rAmjV8o+dmvXDBOb6krVJ1wm3jfI="},"senderSigningKey":{"public":"BTHQkZW1rIa4RiSw58I7tbYldc98R8xoikfvXcOfgZ0x"},"senderMessageKeys":[]},{"senderKeyId":1416915188,"senderChainKey":{"iteration":186,"seed":"3kBMH6WSbVjgaTjwDxfoUQozfaoYXzB3omL1Mnm8Q64="},"senderSigningKey":{"public":"BTHQkZW1rIa4RiSw58I7tbYldc98R8xoikfvXcOfgZ0x"},"senderMessageKeys":[]},{"senderKeyId":1416915188,"senderChainKey":{"iteration":187,"seed":"gDwTf2g/KFQt2Omw5QAw6UvpjASnB5maD9dtVCaqLNA="},"senderSigningKey":{"public":"BTHQkZW1rIa4RiSw58I7tbYldc98R8xoikfvXcOfgZ0x"},"senderMessageKeys":[]},{"senderKeyId":1416915188,"senderChainKey":{"iteration":188,"seed":"+hWnvXNrjCr5RsnsVsoBd7K/PY/HuAaKvEp+1b1rNdY="},"senderSigningKey":{"public":"BTHQkZW1rIa4RiSw58I7tbYldc98R8xoikfvXcOfgZ0x"},"senderMessageKeys":[]},{"senderKeyId":1416915188,"senderChainKey":{"iteration":189,"seed":"JMJbbq6cJW3BU4JFQeO3Ea1EplYI/EZxqB78azVP5rs="},"senderSigningKey":{"public":"BTHQkZW1rIa4RiSw58I7tbYldc98R8xoikfvXcOfgZ0x"},"senderMessageKeys":[]},{"senderKeyId":1416915188,"senderChainKey":{"iteration":190,"seed":"UsDrF0i8Wpvbpoz0CQUy19PYDK58g7azPaMxrCDolXE="},"senderSigningKey":{"public":"BTHQkZW1rIa4RiSw58I7tbYldc98R8xoikfvXcOfgZ0x"},"senderMessageKeys":[]},{"senderKeyId":1416915188,"senderChainKey":{"iteration":191,"seed":"cEDbhzZojVZnonFnYvCuitTsWZG/vLhRjii0sjGCGDc="},"senderSigningKey":{"public":"BTHQkZW1rIa4RiSw58I7tbYldc98R8xoikfvXcOfgZ0x"},"senderMessageKeys":[]},{"senderKeyId":1416915188,"senderChainKey":{"iteration":192,"seed":"yieDocNHCwOKy8mo9h79cKedOd1Fb0jaJgwYVdK4G2s="},"senderSigningKey":{"public":"BTHQkZW1rIa4RiSw58I7tbYldc98R8xoikfvXcOfgZ0x"},"senderMessageKeys":[]},{"senderKeyId":1416915188,"senderChainKey":{"iteration":193,"seed":"Vgwzs0oZiycKTOiMo6njN/WJzLtkIOxWVV1QBIqlg9U="},"senderSigningKey":{"public":"BTHQkZW1rIa4RiSw58I7tbYldc98R8xoikfvXcOfgZ0x"},"senderMessageKeys":[]},{"senderKeyId":1416915188,"senderChainKey":{"iteration":194,"seed":"TtmW9kT3Qtu8RB4bJTAQAkl02BCxb8tZiuNybjNFPG0="},"senderSigningKey":{"public":"BTHQkZW1rIa4RiSw58I7tbYldc98R8xoikfvXcOfgZ0x"},"senderMessageKeys":[]},{"senderKeyId":1416915188,"senderChainKey":{"iteration":195,"seed":"QdT3v5Fm+Ye/E/eXN/IaEafzjNbpEBNrFpwVhRFprPA="},"senderSigningKey":{"public":"BTHQkZW1rIa4RiSw58I7tbYldc98R8xoikfvXcOfgZ0x"},"senderMessageKeys":[]},{"senderKeyId":1416915188,"senderChainKey":{"iteration":196,"seed":"PAkZc3lve40bypzhsg+jArqG2NgcIttnxyc9VaiDYR8="},"senderSigningKey":{"public":"BTHQkZW1rIa4RiSw58I7tbYldc98R8xoikfvXcOfgZ0x"},"senderMessageKeys":[]},{"senderKeyId":1416915188,"senderChainKey":{"iteration":197,"seed":"Yt+o4drgFEWxzGWQekz8hfnxPj/Rlk5nwoA/x9FDMts="},"senderSigningKey":{"public":"BTHQkZW1rIa4RiSw58I7tbYldc98R8xoikfvXcOfgZ0x"},"senderMessageKeys":[]},{"senderKeyId":1416915188,"senderChainKey":{"iteration":198,"seed":"tjycpRJWh3bQL/lexdhxqnp7ykWkiQa6JErtcnG8MjQ="},"senderSigningKey":{"public":"BTHQkZW1rIa4RiSw58I7tbYldc98R8xoikfvXcOfgZ0x"},"senderMessageKeys":[]},{"senderKeyId":1416915188,"senderChainKey":{"iteration":199,"seed":"YFONQn5ndIDWEbVDI9huDJOuTrG3R5OIvmBmSF1mISw="},"senderSigningKey":{"public":"BTHQkZW1rIa4RiSw58I7tbYldc98R8xoikfvXcOfgZ0x"},"senderMessageKeys":[]},{"senderKeyId":1416915188,"senderChainKey":{"iteration":200,"seed":"mMDqFCgvdzyPJHVIK7pKadPO0MUEfb5X/yhxwSLFWJM="},"senderSigningKey":{"public":"BTHQkZW1rIa4RiSw58I7tbYldc98R8xoikfvXcOfgZ0x"},"senderMessageKeys":[]},{"senderKeyId":1416915188,"senderChainKey":{"iteration":201,"seed":"HTg0mAh8i2CICTElAfrNyMU+06s2FtoN7lsy3mrPMKg="},"senderSigningKey":{"public":"BTHQkZW1rIa4RiSw58I7tbYldc98R8xoikfvXcOfgZ0x"},"senderMessageKeys":[]},{"senderKeyId":1416915188,"senderChainKey":{"iteration":203,"seed":"T23qdtw1IYpMWMcOAtQrAbhgnLaCW3cdM6xSpaLuPow="},"senderSigningKey":{"public":"BTHQkZW1rIa4RiSw58I7tbYldc98R8xoikfvXcOfgZ0x"},"senderMessageKeys":[]},{"senderKeyId":1416915188,"senderChainKey":{"iteration":204,"seed":"SrKLI6KcXSM2+cKKrNlth6r2IEejNF+BoQC5WMEodEM="},"senderSigningKey":{"public":"BTHQkZW1rIa4RiSw58I7tbYldc98R8xoikfvXcOfgZ0x"},"senderMessageKeys":[]},{"senderKeyId":1416915188,"senderChainKey":{"iteration":205,"seed":"0bgxPWS5o7j80gs9pINEntZbXyFiQUbiDYrxaF4wC+s="},"senderSigningKey":{"public":"BTHQkZW1rIa4RiSw58I7tbYldc98R8xoikfvXcOfgZ0x"},"senderMessageKeys":[]},{"senderKeyId":1416915188,"senderChainKey":{"iteration":207,"seed":"CN9KIpAJatSxvHBAtPrW/0Y4DgwrbLfTrI1A05W8Q44="},"senderSigningKey":{"public":"BTHQkZW1rIa4RiSw58I7tbYldc98R8xoikfvXcOfgZ0x"},"senderMessageKeys":[]},{"senderKeyId":1416915188,"senderChainKey":{"iteration":208,"seed":"8aDPMHd2CLXPAx9CEfWbb3iijXydAiXeKsmCCYxLE/0="},"senderSigningKey":{"public":"BTHQkZW1rIa4RiSw58I7tbYldc98R8xoikfvXcOfgZ0x"},"senderMessageKeys":[]},{"senderKeyId":1416915188,"senderChainKey":{"iteration":209,"seed":"IVE/k+YJiZnPVxMf78uouuu7NOmqkt5yPF+KbaWiHEI="},"senderSigningKey":{"public":"BTHQkZW1rIa4RiSw58I7tbYldc98R8xoikfvXcOfgZ0x"},"senderMessageKeys":[]},{"senderKeyId":1416915188,"senderChainKey":{"iteration":211,"seed":"hDwyJYDmcka/Oh1VrprCnH7GEnFEvZ3LBnxbLkPvKpo="},"senderSigningKey":{"public":"BTHQkZW1rIa4RiSw58I7tbYldc98R8xoikfvXcOfgZ0x"},"senderMessageKeys":[]},{"senderKeyId":1416915188,"senderChainKey":{"iteration":212,"seed":"Md/kZvIEMFjOTdnE6zznWHV4BCtWm+hKaeYcY6uz2Lc="},"senderSigningKey":{"public":"BTHQkZW1rIa4RiSw58I7tbYldc98R8xoikfvXcOfgZ0x"},"senderMessageKeys":[]},{"senderKeyId":1416915188,"senderChainKey":{"iteration":214,"seed":"RbQY7hXRdN3BWpTI60AKvRk4lbH8F11Q3mphcMxESP0="},"senderSigningKey":{"public":"BTHQkZW1rIa4RiSw58I7tbYldc98R8xoikfvXcOfgZ0x"},"senderMessageKeys":[]},{"senderKeyId":1416915188,"senderChainKey":{"iteration":216,"seed":"+HbQLQw5TzLDO1pjuVJTSeL1G/lEB0Y/ISK8Vu3bg/0="},"senderSigningKey":{"public":"BTHQkZW1rIa4RiSw58I7tbYldc98R8xoikfvXcOfgZ0x"},"senderMessageKeys":[]},{"senderKeyId":1416915188,"senderChainKey":{"iteration":217,"seed":"TIQehUMk/2Rlq7RUfuf5XiRJfgVJ8JS/tApi8vMjyaM="},"senderSigningKey":{"public":"BTHQkZW1rIa4RiSw58I7tbYldc98R8xoikfvXcOfgZ0x"},"senderMessageKeys":[]},{"senderKeyId":1416915188,"senderChainKey":{"iteration":219,"seed":"QKB8CfoAihIuk8qHvNwC6poV52ZzhmdNg1NANsBGrp4="},"senderSigningKey":{"public":"BTHQkZW1rIa4RiSw58I7tbYldc98R8xoikfvXcOfgZ0x"},"senderMessageKeys":[]},{"senderKeyId":1416915188,"senderChainKey":{"iteration":221,"seed":"avpPMpU8a0q2aT0tNbW70U1oBYmLGG3M4bZleqsV5lE="},"senderSigningKey":{"public":"BTHQkZW1rIa4RiSw58I7tbYldc98R8xoikfvXcOfgZ0x"},"senderMessageKeys":[]},{"senderKeyId":1416915188,"senderChainKey":{"iteration":223,"seed":"LAYuJismCZn2kqb1IbdwN3S2f5xUQDCJB+LlwzTsP5Y="},"senderSigningKey":{"public":"BTHQkZW1rIa4RiSw58I7tbYldc98R8xoikfvXcOfgZ0x"},"senderMessageKeys":[]},{"senderKeyId":1416915188,"senderChainKey":{"iteration":225,"seed":"ivWpnI+B+QK13ziB/G1kX/ELSBIUYFhokl5cTcy3nmo="},"senderSigningKey":{"public":"BTHQkZW1rIa4RiSw58I7tbYldc98R8xoikfvXcOfgZ0x"},"senderMessageKeys":[]},{"senderKeyId":1416915188,"senderChainKey":{"iteration":227,"seed":"DWskqKBbeDgoZwFxMkBP2XJ61Knfta0nJSAoggARdGQ="},"senderSigningKey":{"public":"BTHQkZW1rIa4RiSw58I7tbYldc98R8xoikfvXcOfgZ0x"},"senderMessageKeys":[]},{"senderKeyId":1416915188,"senderChainKey":{"iteration":228,"seed":"ntEtkOgjuHC7shA7jNnTMtHjLbMPc/AALwl9EGQOXYw="},"senderSigningKey":{"public":"BTHQkZW1rIa4RiSw58I7tbYldc98R8xoikfvXcOfgZ0x"},"senderMessageKeys":[]},{"senderKeyId":1416915188,"senderChainKey":{"iteration":229,"seed":"cnIxFtzJyxobPvHgDjmUPtTutrN57hx2JrcCCWQvKYQ="},"senderSigningKey":{"public":"BTHQkZW1rIa4RiSw58I7tbYldc98R8xoikfvXcOfgZ0x"},"senderMessageKeys":[]},{"senderKeyId":1416915188,"senderChainKey":{"iteration":230,"seed":"cOCXWkXDLoZb9c+guG9GzclIMehc/xb/PkNYFCq9xwQ="},"senderSigningKey":{"public":"BTHQkZW1rIa4RiSw58I7tbYldc98R8xoikfvXcOfgZ0x"},"senderMessageKeys":[]},{"senderKeyId":1416915188,"senderChainKey":{"iteration":231,"seed":"RVZHKV0uPNpXxfXpSmowAVSMo9wtwwwueaDl04+Ayyw="},"senderSigningKey":{"public":"BTHQkZW1rIa4RiSw58I7tbYldc98R8xoikfvXcOfgZ0x"},"senderMessageKeys":[]},{"senderKeyId":1416915188,"senderChainKey":{"iteration":232,"seed":"/767NWvT4WLO5kcT1iJ8cd1PtHibP5Pc4FYtBEaacO4="},"senderSigningKey":{"public":"BTHQkZW1rIa4RiSw58I7tbYldc98R8xoikfvXcOfgZ0x"},"senderMessageKeys":[]},{"senderKeyId":1416915188,"senderChainKey":{"iteration":233,"seed":"1hYWWY/osXQ4siohzolFRyqsI0gcIscueaOtImoDcE0="},"senderSigningKey":{"public":"BTHQkZW1rIa4RiSw58I7tbYldc98R8xoikfvXcOfgZ0x"},"senderMessageKeys":[]},{"senderKeyId":1416915188,"senderChainKey":{"iteration":234,"seed":"PxuaFUKS/t0E8CU8rTafv5S4EzulbvmBTVj/nxiyqvg="},"senderSigningKey":{"public":"BTHQkZW1rIa4RiSw58I7tbYldc98R8xoikfvXcOfgZ0x"},"senderMessageKeys":[]},{"senderKeyId":1416915188,"senderChainKey":{"iteration":235,"seed":"AFAlzG5Ll02xgsRn3PJGkpC+LFjz52LuNmMqhGGBUEg="},"senderSigningKey":{"public":"BTHQkZW1rIa4RiSw58I7tbYldc98R8xoikfvXcOfgZ0x"},"senderMessageKeys":[]},{"senderKeyId":1416915188,"senderChainKey":{"iteration":236,"seed":"t5GtswewDQCLxnCv9RsdDdomfa3vkODzrUBkT+T3ePI="},"senderSigningKey":{"public":"BTHQkZW1rIa4RiSw58I7tbYldc98R8xoikfvXcOfgZ0x"},"senderMessageKeys":[]},{"senderKeyId":1416915188,"senderChainKey":{"iteration":237,"seed":"cWGVEkRWp5xCdlBVqgQSQ5xAWzk46TzJXSgK+NqJY/g="},"senderSigningKey":{"public":"BTHQkZW1rIa4RiSw58I7tbYldc98R8xoikfvXcOfgZ0x"},"senderMessageKeys":[]},{"senderKeyId":1416915188,"senderChainKey":{"iteration":238,"seed":"p5aeGoviOZrPUCJY4ZezEklBdR7O9eydfjvahpL70Ng="},"senderSigningKey":{"public":"BTHQkZW1rIa4RiSw58I7tbYldc98R8xoikfvXcOfgZ0x"},"senderMessageKeys":[]},{"senderKeyId":1416915188,"senderChainKey":{"iteration":239,"seed":"K8NSFSupQobhOk+ZOFHM9M7bMETAknQ7Ch+h8cJLa2w="},"senderSigningKey":{"public":"BTHQkZW1rIa4RiSw58I7tbYldc98R8xoikfvXcOfgZ0x"},"senderMessageKeys":[]},{"senderKeyId":1416915188,"senderChainKey":{"iteration":240,"seed":"Q/aLT3MK1dN6CeWWZThHPsuHioDydKDHd2eqrxrdcZk="},"senderSigningKey":{"public":"BTHQkZW1rIa4RiSw58I7tbYldc98R8xoikfvXcOfgZ0x"},"senderMessageKeys":[]},{"senderKeyId":1416915188,"senderChainKey":{"iteration":241,"seed":"hwZNMjjsR/uY5DrvgQCR8fKxGHyQsBZMW6HmHklic3c="},"senderSigningKey":{"public":"BTHQkZW1rIa4RiSw58I7tbYldc98R8xoikfvXcOfgZ0x"},"senderMessageKeys":[]},{"senderKeyId":1416915188,"senderChainKey":{"iteration":242,"seed":"V4OQ3gb1d+f3GurjSxf0Az9ZB4a0CqfY8PUELp54tWo="},"senderSigningKey":{"public":"BTHQkZW1rIa4RiSw58I7tbYldc98R8xoikfvXcOfgZ0x"},"senderMessageKeys":[]},{"senderKeyId":1416915188,"senderChainKey":{"iteration":243,"seed":"qzL3KUbIDf7ObatdazGyk/WCcMCvigF+o4uIqLtbOAs="},"senderSigningKey":{"public":"BTHQkZW1rIa4RiSw58I7tbYldc98R8xoikfvXcOfgZ0x"},"senderMessageKeys":[]},{"senderKeyId":1416915188,"senderChainKey":{"iteration":244,"seed":"aNYP6WBD21ywWiGzcfyU3dMM98fl/LMSq00q4OmWS+w="},"senderSigningKey":{"public":"BTHQkZW1rIa4RiSw58I7tbYldc98R8xoikfvXcOfgZ0x"},"senderMessageKeys":[]},{"senderKeyId":1416915188,"senderChainKey":{"iteration":245,"seed":"l2IT+Ui0pJc87iU24KnLAjIJY2O+zS5vrxH+dJM1ATk="},"senderSigningKey":{"public":"BTHQkZW1rIa4RiSw58I7tbYldc98R8xoikfvXcOfgZ0x"},"senderMessageKeys":[]},{"senderKeyId":1416915188,"senderChainKey":{"iteration":246,"seed":"Bpjq3WR1kfeTLLYB+DWyAtwow4f1io8yP52qfV50SCM="},"senderSigningKey":{"public":"BTHQkZW1rIa4RiSw58I7tbYldc98R8xoikfvXcOfgZ0x"},"senderMessageKeys":[]},{"senderKeyId":1416915188,"senderChainKey":{"iteration":247,"seed":"cHpAwNMEXx4rII3R6MweCHW4Ao7kKMC3OihODVMqLAE="},"senderSigningKey":{"public":"BTHQkZW1rIa4RiSw58I7tbYldc98R8xoikfvXcOfgZ0x"},"senderMessageKeys":[]},{"senderKeyId":1416915188,"senderChainKey":{"iteration":248,"seed":"RUH/J4usV237UKFkfNVCwGUzbLV/mzhydBAYO39grZ8="},"senderSigningKey":{"public":"BTHQkZW1rIa4RiSw58I7tbYldc98R8xoikfvXcOfgZ0x"},"senderMessageKeys":[]},{"senderKeyId":1416915188,"senderChainKey":{"iteration":249,"seed":"CwU0aEn55W0tQzelh/Ai2E75FF6f3m+JqjuWE1ZocnE="},"senderSigningKey":{"public":"BTHQkZW1rIa4RiSw58I7tbYldc98R8xoikfvXcOfgZ0x"},"senderMessageKeys":[]},{"senderKeyId":1416915188,"senderChainKey":{"iteration":250,"seed":"evzM/Pt++uf41MFgQgPai9R+lp3q6cSSTDAm6aj85qI="},"senderSigningKey":{"public":"BTHQkZW1rIa4RiSw58I7tbYldc98R8xoikfvXcOfgZ0x"},"senderMessageKeys":[]},{"senderKeyId":1416915188,"senderChainKey":{"iteration":251,"seed":"n2J5A2OwyrC+F+AvSzcJttngkp0IjF1DSYQyNPYjHuE="},"senderSigningKey":{"public":"BTHQkZW1rIa4RiSw58I7tbYldc98R8xoikfvXcOfgZ0x"},"senderMessageKeys":[]},{"senderKeyId":1416915188,"senderChainKey":{"iteration":252,"seed":"IapZwPCekaE4EkLmZcdCs/pQvgafE6Fc0WstWLkYbWE="},"senderSigningKey":{"public":"BTHQkZW1rIa4RiSw58I7tbYldc98R8xoikfvXcOfgZ0x"},"senderMessageKeys":[]},{"senderKeyId":1416915188,"senderChainKey":{"iteration":253,"seed":"P3FKRBaGU0gXOc2tMZjOSV9kEpCuMWNuNemMdmyJfTE="},"senderSigningKey":{"public":"BTHQkZW1rIa4RiSw58I7tbYldc98R8xoikfvXcOfgZ0x"},"senderMessageKeys":[]},{"senderKeyId":1416915188,"senderChainKey":{"iteration":254,"seed":"IuFoTTYP7NgcTjH3FU9cZAk1oVpK5go21bWI2tx9B58="},"senderSigningKey":{"public":"BTHQkZW1rIa4RiSw58I7tbYldc98R8xoikfvXcOfgZ0x"},"senderMessageKeys":[]},{"senderKeyId":1416915188,"senderChainKey":{"iteration":255,"seed":"DGrUvR564es2FWcWQSGJVRPVsr0NFZfqbZoCIppTLck="},"senderSigningKey":{"public":"BTHQkZW1rIa4RiSw58I7tbYldc98R8xoikfvXcOfgZ0x"},"senderMessageKeys":[]},{"senderKeyId":1416915188,"senderChainKey":{"iteration":256,"seed":"x/4SZf6IIsiuQgR7c4Gmf8ROpnQwJPkf/PxTE+TUrsA="},"senderSigningKey":{"public":"BTHQkZW1rIa4RiSw58I7tbYldc98R8xoikfvXcOfgZ0x"},"senderMessageKeys":[]},{"senderKeyId":1416915188,"senderChainKey":{"iteration":257,"seed":"jkUttZMecTROBfYOOgAZqlG3vnsw9BLGj1flR+GCuhc="},"senderSigningKey":{"public":"BTHQkZW1rIa4RiSw58I7tbYldc98R8xoikfvXcOfgZ0x"},"senderMessageKeys":[]},{"senderKeyId":1416915188,"senderChainKey":{"iteration":258,"seed":"d8Kc/ItAVi7ZoJ/sRIuSEUBmIUSVbtgrIa0sdRghZ1Y="},"senderSigningKey":{"public":"BTHQkZW1rIa4RiSw58I7tbYldc98R8xoikfvXcOfgZ0x"},"senderMessageKeys":[]},{"senderKeyId":1416915188,"senderChainKey":{"iteration":259,"seed":"II3ffjRuuA1M1seQx40PPg3lf7SJbS4ro/wTCX+ZVNs="},"senderSigningKey":{"public":"BTHQkZW1rIa4RiSw58I7tbYldc98R8xoikfvXcOfgZ0x"},"senderMessageKeys":[]},{"senderKeyId":1416915188,"senderChainKey":{"iteration":260,"seed":"Fbn7gc/KLqXz/XMHfHrSiQueBCF175w0lanxfkdXR74="},"senderSigningKey":{"public":"BTHQkZW1rIa4RiSw58I7tbYldc98R8xoikfvXcOfgZ0x"},"senderMessageKeys":[]},{"senderKeyId":1416915188,"senderChainKey":{"iteration":261,"seed":"Z/t0GRBtPaXOeMcgYC+cnzSdEzIUNuwGKYe88387bRw="},"senderSigningKey":{"public":"BTHQkZW1rIa4RiSw58I7tbYldc98R8xoikfvXcOfgZ0x"},"senderMessageKeys":[]},{"senderKeyId":1416915188,"senderChainKey":{"iteration":262,"seed":"pYDyXoKkqmv8Pbj32VR5CQgj2TyeluzogH6M6X4oGSQ="},"senderSigningKey":{"public":"BTHQkZW1rIa4RiSw58I7tbYldc98R8xoikfvXcOfgZ0x"},"senderMessageKeys":[]},{"senderKeyId":1416915188,"senderChainKey":{"iteration":263,"seed":"8bnf94yB9gD44eGW9qQg0kI8CAs3Gy476XEk/aK7Sgs="},"senderSigningKey":{"public":"BTHQkZW1rIa4RiSw58I7tbYldc98R8xoikfvXcOfgZ0x"},"senderMessageKeys":[]},{"senderKeyId":1416915188,"senderChainKey":{"iteration":264,"seed":"o/M5hPIQFjSDvlnakoflsH9HgTpPIa8Mh96fK3YlJAI="},"senderSigningKey":{"public":"BTHQkZW1rIa4RiSw58I7tbYldc98R8xoikfvXcOfgZ0x"},"senderMessageKeys":[]},{"senderKeyId":1416915188,"senderChainKey":{"iteration":265,"seed":"BE+wL9oawLLbNUVXeLx4WaCxMaCs30xBAbbPGPCVRPA="},"senderSigningKey":{"public":"BTHQkZW1rIa4RiSw58I7tbYldc98R8xoikfvXcOfgZ0x"},"senderMessageKeys":[]},{"senderKeyId":1416915188,"senderChainKey":{"iteration":266,"seed":"R1MFueBB8UpKXfFod6ZyNgd+QAjlJZZT8uoP5EmGXFE="},"senderSigningKey":{"public":"BTHQkZW1rIa4RiSw58I7tbYldc98R8xoikfvXcOfgZ0x"},"senderMessageKeys":[]},{"senderKeyId":1416915188,"senderChainKey":{"iteration":267,"seed":"ke3ngd6QkljqmvdrzgZhgWogEHOw9mqKly6DG9tz4gw="},"senderSigningKey":{"public":"BTHQkZW1rIa4RiSw58I7tbYldc98R8xoikfvXcOfgZ0x"},"senderMessageKeys":[]},{"senderKeyId":1416915188,"senderChainKey":{"iteration":268,"seed":"fPRzv+KU+hCvrbkTnJvORf245ey/NSVx6DHb8TsBPLk="},"senderSigningKey":{"public":"BTHQkZW1rIa4RiSw58I7tbYldc98R8xoikfvXcOfgZ0x"},"senderMessageKeys":[]},{"senderKeyId":1416915188,"senderChainKey":{"iteration":269,"seed":"xoIyxHuCaqtlwM2rdJjdC+RohYzzHmS/22HoXcSTg+k="},"senderSigningKey":{"public":"BTHQkZW1rIa4RiSw58I7tbYldc98R8xoikfvXcOfgZ0x"},"senderMessageKeys":[]},{"senderKeyId":1416915188,"senderChainKey":{"iteration":270,"seed":"AQyqIeneUB76g8W2x2+c36jX5oSa/FYy0qo1Agt9xEc="},"senderSigningKey":{"public":"BTHQkZW1rIa4RiSw58I7tbYldc98R8xoikfvXcOfgZ0x"},"senderMessageKeys":[]},{"senderKeyId":1416915188,"senderChainKey":{"iteration":271,"seed":"6TLdQyD1V+I9PRiUwL3c6mWkKoapcG7R718fL9LZ4Zw="},"senderSigningKey":{"public":"BTHQkZW1rIa4RiSw58I7tbYldc98R8xoikfvXcOfgZ0x"},"senderMessageKeys":[]}]