[{"senderKeyId":1752459460,"senderChainKey":{"iteration":1,"seed":"H4arhAn7sr0VE8vhGtxsWBo7VkVpU6dRgjk/OafuFSY="},"senderSigningKey":{"public":"BfFJi5hq5eLXSLJiLoJnG339MqtEKImVekbiQ+eNxtJy"},"senderMessageKeys":[]},{"senderKeyId":1640611742,"senderChainKey":{"iteration":1,"seed":"6q/H9N0AfogJ1ySXFmle+8ztek5awcvxDxdhmoZoHJk="},"senderSigningKey":{"public":"BQgYE5df+6V7G+FImNpGzqZYgXKD55zU1lkPJQDiyDpf"},"senderMessageKeys":[]},{"senderKeyId":349240678,"senderChainKey":{"iteration":1,"seed":"OIufYm1M9+kp72iyiroWk4SDhQM/wchsHLqzef6seD0="},"senderSigningKey":{"public":"BVgUel+r1zhSSEEKMmlS+bCY3ES51bM5rPPfRhe4l4EB"},"senderMessageKeys":[]},{"senderKeyId":1943942497,"senderChainKey":{"iteration":1,"seed":"fSiGPq+ZGVBtkrtQYAJvu9h2LVmgGAVMphwaG8T66/w="},"senderSigningKey":{"public":"Ba9sq52z3mTkmRutBTPoK0+iVqurJY23IlYM7/Yk1TIT"},"senderMessageKeys":[]}]